timestamp,a_t,b_t,r2_lin,c_t,d_t,r2_pow
2025-04-03 13:30:00+00:00,5.9573355856350504e-05,0.2058108833890918,0.5446181077376248,0.06652275293211536,0.22726730272968798,0.8175957286021454
2025-04-03 13:31:00+00:00,5.695058918553549e-05,0.12561197247701944,0.7619533939915302,0.04545854777147451,0.22730340743742838,0.7808655929215037
2025-04-03 13:32:00+00:00,0.0002521866726207471,0.24999076007252263,0.8589480269829319,0.0349709719137813,0.4139693680087496,0.9187367739952419
2025-04-03 13:33:00+00:00,0.0002083715587733619,0.10023024865850169,0.79317418295735,0.007619569094577398,0.5411134572363765,0.7441345627142093
2025-04-03 13:34:00+00:00,5.39837735448496e-05,-0.019265654200920926,0.8450921191750322,0.0008921903687290005,0.39343602838220104,0.011834273689773855
2025-04-03 13:35:00+00:00,8.461748730487578e-05,0.06892100780985005,0.832023088288537,0.012430903764135297,0.3855356089814585,0.775099875673465
2025-04-03 13:36:00+00:00,2.296359470282063e-05,0.06744281886662616,0.8859918458047769,0.033753556246020854,0.1649543228579165,0.7646001496650463
2025-04-03 13:37:00+00:00,3.73858540567053e-05,0.11901754163219888,0.4892952701879544,0.029420425855868983,0.27035439793016747,0.7926902241246524
2025-04-03 13:38:00+00:00,4.212078779315915e-05,0.09096022751907623,0.6575749072230078,0.022859185498824094,0.2836315366420015,0.8413044123497331
2025-04-03 13:39:00+00:00,3.18434020736793e-05,0.1778286822034002,0.6063373361189419,0.07869337838042215,0.16656385427992065,0.9502480155536469
2025-04-03 13:40:00+00:00,6.97013013569935e-05,0.21986380874712969,0.4925043904480749,0.04646959229748175,0.29624163949895316,0.817117168596128
2025-04-03 13:41:00+00:00,4.485697871904306e-05,0.10700552106865983,0.5220517681191921,0.015447589693409274,0.36343738600599557,0.808805057791519
2025-04-03 13:42:00+00:00,1.2690799115672653e-05,0.055550314979392536,0.6859808517166575,0.022771082894607265,0.1852523341081511,0.9338149983600094
2025-04-03 13:43:00+00:00,2.2565020631864583e-05,0.03791661465020998,0.7971556963250286,0.008156649610242577,0.3224481961606228,0.9359600886701408
2025-04-03 13:44:00+00:00,4.86296222819257e-05,0.08192844332276727,0.6676406770165948,0.011705203351413973,0.3785563870305552,0.8743765246502716
2025-04-03 13:45:00+00:00,2.660200071741789e-05,0.03806853420545969,0.5943481570618697,0.0006296695156731287,0.6943265121863955,0.5011356438445911
2025-04-03 13:46:00+00:00,1.593148659233827e-05,0.029113378598985357,0.7164802097507736,0.002911787045619894,0.43831526167768325,0.8479209185379468
2025-04-03 13:47:00+00:00,4.8837255461770654e-05,0.213371239576089,0.6338623060114121,0.07352871726354167,0.21379043426558,0.9498723323717749
2025-04-03 13:48:00+00:00,6.266179822988118e-05,0.022551308460406608,0.9517752156947498,0.006280193726169783,0.386552181160286,0.6105460433976252
2025-04-03 13:49:00+00:00,6.243164520513517e-05,0.0616607029353128,0.7625991956254671,0.012598423625493514,0.35015341066364597,0.7132995597886893
2025-04-03 13:50:00+00:00,7.176882331266489e-05,0.08080677818122364,0.9627627887783077,0.021090743176847587,0.31719454407613806,0.8670241314595901
2025-04-03 13:51:00+00:00,5.457503898214508e-05,0.10627589432727433,0.7705618172512647,0.027552206924877243,0.28680234811041994,0.907215605722312
2025-04-03 13:52:00+00:00,5.193232602006332e-05,0.05758244893277987,0.8378649913022872,0.011953521568872059,0.34647666363731344,0.8318804380613748
2025-04-03 13:53:00+00:00,1.3681085790001537e-05,0.1367231974875733,0.9565149039789195,0.11345652106913238,0.04976180861255965,0.5316724683975407
2025-04-03 13:54:00+00:00,3.3558518605281074e-05,0.006205940644651214,0.9629057563219682,0.003471724981941357,0.34946311342438147,0.43015275105683914
2025-04-03 13:55:00+00:00,3.0028562504422867e-05,0.04408086702635167,0.6999227804635573,0.006109030539369709,0.3901924555756316,0.8804811108158805
2025-04-03 13:56:00+00:00,8.810984961066659e-05,0.07773109155618677,0.7596802676333522,0.002371943125872208,0.6391201427125714,0.8652294164970509
2025-04-03 13:57:00+00:00,6.334181435958254e-05,0.017539315596762348,0.8540617899012273,0.00031719689725195904,0.7941539742451853,0.8520346349923451
2025-04-03 13:58:00+00:00,3.0629993923909784e-05,0.10991778172926991,0.9908177133809883,0.0725684751679056,0.11293636218592422,0.593624163659279
2025-04-03 13:59:00+00:00,2.1022752395663283e-05,0.09819480172180294,0.956305240813286,0.06921626168392737,0.09382726650542657,0.5702565166450169
2025-04-03 14:00:00+00:00,2.8490807168322337e-05,0.06393955606108301,0.9020441964789273,0.022450605878041933,0.234730181881526,0.9039292964519445
2025-04-03 14:01:00+00:00,1.7766503539505572e-05,0.12257322232999757,0.9456271945044188,0.09233879644777448,0.07301210894661292,0.609017999242506
2025-04-03 14:02:00+00:00,7.081530503681036e-05,0.11030667467173251,0.7373297171708088,0.019496790415949015,0.35296289201322206,0.8988589504171931
2025-04-03 14:03:00+00:00,4.49506917958141e-05,0.12495848383613586,0.925538414157776,0.061358974269907274,0.17087684686412538,0.7915731292571984
2025-04-03 14:04:00+00:00,3.187926967347726e-05,0.09132508383662392,0.8549311730484653,0.032517415011996224,0.22280162201908676,0.9308106812609116
2025-04-03 14:05:00+00:00,6.146207421614776e-05,0.17203875280561637,0.5990428583800798,0.04236721297359816,0.27828666861635787,0.8846525456172419
2025-04-03 14:06:00+00:00,2.502818317581863e-05,0.055739162132780865,0.5745825972863536,0.011234876196442237,0.3163671700054784,0.8151867239680655
2025-04-03 14:07:00+00:00,0.00013415124267025859,0.16317274874268858,0.6882325632040478,0.019220996074635992,0.42216897995886277,0.8370041970949815
2025-04-03 14:08:00+00:00,0.00014745746590434918,0.13520760651093328,0.6745798872513549,0.005675038344448491,0.5822089298640559,0.81103453144698
2025-04-03 14:09:00+00:00,0.0001064399593219181,0.11112387005097568,0.7569827706525202,0.008126925248704118,0.5054917128192579,0.9146316418507127
2025-04-03 14:10:00+00:00,6.005851836126139e-05,0.015167690914902998,0.8947370702477435,0.0003044389758186291,0.7905974377953083,0.8837139630897355
2025-04-03 14:11:00+00:00,5.500088017901285e-05,0.10211177520174328,0.9354700389343926,0.04215896378975328,0.21667361092871615,0.7433668664497998
2025-04-03 14:12:00+00:00,0.00012847528837026573,-0.0157618818700693,0.9420236943434938,0.00018265002571752145,0.8258186384939624,0.3830222521752874
2025-04-03 14:13:00+00:00,5.0281752817817337e-05,0.0919703337542673,0.6768859146759364,0.011139981814141775,0.40333864043367545,0.9023802157375226
2025-04-03 14:14:00+00:00,6.941918092351691e-05,0.05086775712720501,0.9850676255792374,0.015638999480556887,0.31903982676515374,0.718190384370091
2025-04-03 14:15:00+00:00,9.413867980468665e-05,0.013456912116309533,0.9122766586432546,0.015067551300597634,0.281044706475423,0.296880720886186
2025-04-03 14:16:00+00:00,8.100759767498045e-05,0.06463196057495918,0.9239097131682956,0.04113404398019364,0.19573238994236092,0.3700694156844099
2025-04-03 14:17:00+00:00,8.547308804474345e-05,0.04042530499044664,0.978708520433124,0.0096509603294331,0.40066654874848356,0.7387585837287625
2025-04-03 14:18:00+00:00,9.828796165474632e-05,0.10720645746736845,0.7572504946172453,0.01396975152515531,0.41491920860419756,0.860473483684032
2025-04-03 14:19:00+00:00,8.532960910486259e-05,0.2061259579163647,0.6364563173234652,0.043597625992744575,0.3078961515228051,0.907458572569021
2025-04-03 14:20:00+00:00,4.924007706141731e-05,0.05374386465448033,0.7259605105773268,0.007855679942229452,0.3956840184167217,0.8018662085927948
2025-04-03 14:21:00+00:00,0.00017913077917926422,0.15430041205896491,0.7485524138357105,0.010002414691707229,0.5320178230666374,0.8753106191395295
2025-04-03 14:22:00+00:00,0.00020232585351986202,0.20338099222675288,0.6967391627230825,0.006598026367662018,0.621097195853186,0.8245029088164482
2025-04-03 14:23:00+00:00,3.743541945764185e-05,0.1500642729506617,0.46666863526761393,0.03266608359756283,0.2871860557492836,0.799494670762765
2025-04-03 14:24:00+00:00,5.368132151301969e-05,0.019932436424330693,0.9645683394811898,0.010226902755854823,0.2928362035871054,0.44748656433555356
2025-04-03 14:25:00+00:00,0.00011222840218348818,0.09355379458178686,0.6965748873693496,0.0033491958837026316,0.6084590510739282,0.8147755022265455
2025-04-03 14:26:00+00:00,4.0780063103491195e-05,0.05302258011288348,0.7600663143804917,0.013811662727869682,0.29979531844920454,0.7255519124254832
2025-04-03 14:27:00+00:00,5.078724289475676e-05,0.11399937849405688,0.5596503301967957,0.01928647594210272,0.34247472562156756,0.8278989466586546
2025-04-03 14:28:00+00:00,2.2607334377737598e-05,0.0646895021766556,0.8190316708890861,0.030095877344420166,0.17771710395726273,0.7696582393830746
2025-04-03 14:29:00+00:00,4.7636666886284384e-05,0.09063489142344006,0.719786581141727,0.015921680355402822,0.3489850199212565,0.9385154829720517
2025-04-03 14:30:00+00:00,4.914180252462769e-05,0.07348370370397483,0.7482169400302587,0.009798582324802994,0.40106610798979986,0.9438054906685239
2025-04-03 14:31:00+00:00,2.7928633026112544e-05,0.31381103892358037,0.2859220981145164,0.14524573775876756,0.1446245488517768,0.6359432042061437
2025-04-03 14:32:00+00:00,5.608275732486097e-05,0.21799984626271648,0.4215638551158525,0.031030938202444906,0.35314030921062783,0.6144134145862918
2025-04-03 14:33:00+00:00,3.804450284648966e-05,0.07056621309751268,0.575971512794113,0.013256662072883087,0.3304151505366277,0.7590339062830358
2025-04-03 14:34:00+00:00,5.2791986759491754e-05,0.10936574966386287,0.832000494507901,0.03869902036847791,0.23459016981889602,0.8370931298755615
2025-04-03 14:35:00+00:00,1.0981851645790782e-05,0.05959947430228671,0.6926964169653502,0.028981581251492666,0.15220627666266176,0.9542921583426671
2025-04-03 14:36:00+00:00,6.381721510091435e-05,0.058863934275737356,0.6650444503331663,0.0024678905119943505,0.5796174869565376,0.7971203569764594
2025-04-03 14:37:00+00:00,8.053100221325858e-05,0.1412766650488161,0.6635563152520336,0.00809286997145979,0.5191255235141841,0.7283494540062005
2025-04-03 14:38:00+00:00,1.241522121604771e-05,0.07766439250322717,0.37912103909874395,0.017012912457494367,0.27236236452849244,0.3751812423453308
2025-04-03 14:39:00+00:00,3.585509122676018e-05,0.17615886146636311,0.6008530381012389,0.0755670306658133,0.1741551415501278,0.9072647281100543
2025-04-03 14:40:00+00:00,1.3447260268958499e-05,0.08642415925212846,0.7698269068267336,0.05017481297146139,0.11884061523153552,0.9345863291891041
2025-04-03 14:41:00+00:00,2.9938336346976482e-05,0.10125491749572352,0.5108393403976026,0.024248175673298962,0.2767018129558739,0.8470284100027092
2025-04-03 14:42:00+00:00,5.120241860113274e-05,0.10389769639924548,0.959624778054002,0.04886399996032013,0.19132448236762792,0.7204499749265773
2025-04-03 14:43:00+00:00,4.58049636044636e-05,0.17344475280805657,0.791227611562154,0.08006206248344598,0.17008764557826117,0.8961195742998346
2025-04-03 14:44:00+00:00,2.4040667467051248e-05,0.11322858578024075,0.8186860433293284,0.05448396466839446,0.157780567705848,0.9208018237369833
2025-04-03 14:45:00+00:00,2.6731557602067328e-05,0.16825104995571044,0.47609704589941493,0.062449595655637985,0.19200806183731448,0.8604300927046286
2025-04-03 14:46:00+00:00,5.0879291879268834e-05,0.008550809243709767,0.8267173743999233,0.00029531391723271926,0.7203340621669346,0.5753292280068781
2025-04-03 14:47:00+00:00,5.659506335971186e-05,0.14479034232911914,0.6640343512945149,0.03259529568295585,0.29653892479430355,0.9279139367460991
2025-04-03 14:48:00+00:00,9.575510794210882e-05,0.1537924679541145,0.5536410677069272,0.005923305267048385,0.5700493773474538,0.6755944558108289
2025-04-03 14:49:00+00:00,0.00013687966193512495,0.019149024406849124,0.8162932587848126,0.00028530573366115377,0.8799212876468334,0.7427405925616003
2025-04-03 14:50:00+00:00,0.00018031425257989815,0.13818559026776275,0.7034009781077577,0.0047894456495462786,0.6172462897186151,0.8062939927141406
2025-04-03 14:51:00+00:00,6.4660449777088e-05,-0.0011466981281249566,0.930155204583301,0.0002782502166865191,0.7265195499711661,0.516555540083103
2025-04-03 14:52:00+00:00,7.978758427829957e-05,0.04423575041178324,0.9332379200185831,0.005701398559262622,0.4717730761965829,0.8714074892616452
2025-04-03 14:53:00+00:00,0.00013022157731885808,0.0668637281193647,0.8989717722624857,0.0030016965034418163,0.6269927659134528,0.9546364379364781
2025-04-03 14:54:00+00:00,0.00013244934627125714,0.056034474004582724,0.9160351104836322,0.0035850941844585175,0.5889329109773992,0.9030885066013744
2025-04-03 14:55:00+00:00,0.0001219578148525023,0.1212597200508537,0.8582412897144077,0.01799446079163748,0.40529266733333325,0.9088718510240472
2025-04-03 14:56:00+00:00,9.745420787549142e-05,0.08253883977789325,0.9403740990050068,0.01614845072404108,0.3780888153381822,0.8758285412139515
2025-04-03 14:57:00+00:00,8.431635773774231e-05,0.05192100880545038,0.967334584052398,0.013393300384218133,0.35517476383975705,0.718254452660801
2025-04-03 14:58:00+00:00,5.9069808054113794e-05,0.004938062580068972,0.9291461200650855,0.0009888389695707565,0.5792298029428645,0.5718147880434379
2025-04-03 14:59:00+00:00,4.956958294595208e-05,0.07438518688735807,0.7682024673741192,0.010726547869790621,0.38762347068328173,0.9420776987766761
2025-04-03 15:00:00+00:00,8.942616574305214e-05,0.03326802143956975,0.8314791727030261,0.0012587786649959727,0.6507806767541334,0.7550991512330433
2025-04-03 15:01:00+00:00,8.502702408230296e-05,0.09040294582884947,0.7028616768674258,0.005326042799310628,0.5273343322655414,0.8567356907889956
2025-04-03 15:02:00+00:00,6.455328560308247e-05,0.04715548619458618,0.9414759493427436,0.009087011092747663,0.38798156284813395,0.8324567170892173
2025-04-03 15:03:00+00:00,6.487893426841678e-05,0.08803833029772842,0.9553513157065943,0.04291185833204257,0.20399035074717445,0.581860370946595
2025-04-03 15:04:00+00:00,3.081683540628058e-05,0.00011735478754425904,0.9087362024085369,0.0005539549461012111,0.5341148339849874,0.37967051819132114
2025-04-03 15:05:00+00:00,0.00012499205435294523,0.009853924804113151,0.9428792617548303,0.001095767194417305,0.6629898244624618,0.6231744579504207
2025-04-03 15:06:00+00:00,5.494216660200145e-05,0.0149443004882834,0.7723147587571008,0.0002701333395650412,0.770583475414231,0.6718225437418903
2025-04-03 15:07:00+00:00,9.774009999926794e-05,0.06259433925081077,0.8352573212169074,0.0064990167154255684,0.48193966842284697,0.8282622661152382
2025-04-03 15:08:00+00:00,9.684784152385415e-06,0.03513610155123315,0.8334934229852563,0.01607904236971666,0.17341871906127368,0.9198303143100202
2025-04-03 15:09:00+00:00,5.531408554842205e-05,0.06817115025512258,0.7724356040710971,0.013825390891157778,0.3446216461499535,0.8194537427221832
2025-04-03 15:10:00+00:00,1.337004121492522e-06,0.004399017935447031,0.8450921191750322,0.0034426014798679488,0.08519482795889156,0.3128816028599657
2025-04-03 15:11:00+00:00,3.21541657820953e-05,0.023251261396329465,0.7394735550291788,0.002558587143204835,0.45353257516790324,0.7072844291994789
2025-04-03 15:12:00+00:00,0.00010587428764552724,0.1472069764325786,0.8631077564612817,0.032141787869255346,0.330603378895034,0.9251735508834378
2025-04-03 15:13:00+00:00,3.068668396766251e-05,0.09088687250581377,0.5766007514787244,0.03027735119531662,0.2269053164722408,0.7652983259015942
2025-04-03 15:14:00+00:00,2.2614273687601113e-05,0.02880369189098176,0.7604904389621917,0.00548261159299195,0.3524430683898186,0.8384965555673229
2025-04-03 15:15:00+00:00,2.1027751871020952e-05,0.1375352648028443,0.6458043472849804,0.08365190947661907,0.10964564990203873,0.7532569915614445
2025-04-03 15:16:00+00:00,2.8317110172448713e-05,0.10292155048401305,0.6776694639890138,0.04634793163161751,0.1737378012225674,0.7863420498561443
2025-04-03 15:17:00+00:00,2.3945138639785465e-05,0.1538243839564376,0.4106057947319022,0.05620408716484539,0.19374768977822415,0.8357149100268811
2025-04-03 15:18:00+00:00,1.5625471873070722e-05,0.09286541490057418,0.5645270586921337,0.04860098234960877,0.13646000734182015,0.8039395030479674
2025-04-03 15:19:00+00:00,1.6732474140013616e-05,0.09992703488993493,0.5397226412381784,0.0445191851710645,0.1637137438609488,0.9046118163879246
2025-04-03 15:20:00+00:00,1.9518385785365162e-05,0.01921751274270809,0.8705791409611328,0.001116623043990432,0.5510676699934794,0.9582813308253207
2025-04-03 15:21:00+00:00,3.107658326073748e-05,0.06274680903873323,0.5331590807377014,0.007766472438966109,0.3908708625020019,0.792997099772727
2025-04-03 15:22:00+00:00,0.000103201654697501,0.051844417422517663,0.8452008012070283,0.00975344769827233,0.408994552962514,0.6426685064222005
2025-04-03 15:23:00+00:00,1.3443059348028199e-05,0.04021843677205877,0.9383869132095547,0.02859351463937094,0.1058635427350268,0.4321658977554772
2025-04-03 15:24:00+00:00,4.837005463600805e-05,0.05766891449062108,0.768410291589614,0.01494522087428124,0.3052375600233575,0.7066312145944185
2025-04-03 15:25:00+00:00,4.2949445465260137e-05,0.0418804891472244,0.665780016035078,0.004780829362472795,0.42783221602730565,0.7038762345757519
2025-04-03 15:26:00+00:00,9.605835682022824e-05,0.1455163698215972,0.5585541918894428,0.0077933370048790486,0.5226305985000306,0.7497258354737435
2025-04-03 15:27:00+00:00,3.437205071705186e-05,0.05134170383086506,0.5660463080727797,0.002639849002228379,0.5316707440345569,0.751101645388695
2025-04-03 15:28:00+00:00,0.00013390340480669982,0.11115447917657992,0.8616144485560185,0.010474701144914243,0.48160399176372193,0.9285537805691362
2025-04-03 15:29:00+00:00,7.868493788478856e-05,0.12799343129259672,0.8409993331034739,0.03764522257245737,0.27609685515253884,0.8432258914646112
2025-04-03 15:30:00+00:00,0.00010643319595024929,0.06137273548509889,0.9063002944566948,0.01289479174133703,0.38668137540578174,0.7073993927404693
2025-04-03 15:31:00+00:00,7.778788003016086e-05,0.20163442286659683,0.6528663432028203,0.04866896738883458,0.28518829674379065,0.9180908001043209
2025-04-03 15:32:00+00:00,6.678112629726968e-05,0.11041165262577383,0.641136612250188,0.0038483497329885588,0.5928400330552908,0.5733001782692955
2025-04-03 15:33:00+00:00,6.593528036641992e-05,0.2543269269941899,0.6307480678693027,0.08212939628385639,0.22772581149248577,0.9464787909375019
2025-04-03 15:34:00+00:00,8.303685673360128e-05,0.09835918116753659,0.7226473714818977,0.011006132154153617,0.4353716950190003,0.8804012597714178
2025-04-03 15:35:00+00:00,6.438397351898351e-05,0.17252349932772576,0.4966373930909266,0.03029161289246722,0.3289034694968043,0.7975671727144813
2025-04-03 15:36:00+00:00,8.903655439320846e-05,0.18309276600952162,0.6241623682140632,0.03522124178201687,0.3258593258308626,0.856308306723027
2025-04-03 15:37:00+00:00,4.968063118132371e-05,0.08589895096668398,0.7533256321003319,0.027468649198191728,0.2551395478038548,0.7376007798193432
2025-04-03 15:38:00+00:00,9.145566723523254e-05,0.06229384853697996,0.7713756842673025,0.010005628839283204,0.4070640940458578,0.670710151452298
2025-04-03 15:39:00+00:00,2.281573853778523e-05,0.12073981956940286,0.7723963628275707,0.07519980704171964,0.11084052656964247,0.7050929296571342
2025-04-03 15:40:00+00:00,1.957380717076254e-05,0.06271125855838049,0.5608695107886442,0.004897097579147117,0.4508860153885123,0.26505216306156676
2025-04-03 15:41:00+00:00,6.276640117324667e-05,0.1520699607006293,0.5843191738492929,0.035388509469053926,0.29023496317308717,0.8271221864715363
2025-04-03 15:42:00+00:00,4.320513271010705e-05,0.26152281552355644,0.7381458232023967,0.15578360899169288,0.11544014957505508,0.8347497422626988
2025-04-03 15:43:00+00:00,2.933628157919781e-05,0.17512656815103844,0.46590588188993354,0.05678412922936981,0.21434216754331004,0.7936981007818507
2025-04-03 15:44:00+00:00,7.296312374482373e-05,0.05582084045260774,0.8092482255373792,0.0024033511429134872,0.5930149633982029,0.9032392977664095
2025-04-03 15:45:00+00:00,2.4354430055416874e-05,0.052828718713625815,0.9636643356164368,0.03327964560453471,0.1391616971527335,0.4957035206978896
2025-04-03 15:46:00+00:00,6.114485874920389e-05,0.1953049439352567,0.7726312566185041,0.0793709417448424,0.1964490692232003,0.8962762083620899
2025-04-03 15:47:00+00:00,4.675866050272938e-05,0.08811365849322722,0.47834483365599234,0.0019311977495782484,0.6530154033230379,0.19695873627710014
2025-04-03 15:48:00+00:00,2.737197263075185e-05,0.058021790311442334,0.6682347621630275,0.016548196682667674,0.26387290705525557,0.7907897164528359
2025-04-03 15:49:00+00:00,4.729590486160424e-05,0.05648003536577331,0.5543264471997921,0.0010782985184273851,0.6772998789266103,0.6316730151848927
2025-04-03 15:50:00+00:00,4.565050243653659e-05,0.11542969355153573,0.4836666838746819,0.015267671864835627,0.3734134899809886,0.7690893227116514
2025-04-03 15:51:00+00:00,1.0952251935686171e-05,0.006395630981227566,0.7748529854459614,0.0008965062485896054,0.43843716171504876,0.6706242249231225
2025-04-03 15:52:00+00:00,2.345545237589769e-05,0.003452461493693309,0.9488384129992692,0.0005945575798965367,0.5483011163696733,0.6737366004018338
2025-04-03 15:53:00+00:00,2.4660940256659906e-05,0.08548525866574917,0.9312976057660668,0.04513018301320011,0.1515729041658676,0.8128324313151601
2025-04-03 15:54:00+00:00,8.396644241257385e-06,0.021225716502807447,0.8450921191750322,0.01622272529083832,0.09872067636625144,0.3044157432078106
2025-04-03 15:55:00+00:00,1.7208901960210156e-05,0.03305976607906726,0.5717319798175919,0.0058023281707974775,0.33998591476048357,0.7842249933288872
2025-04-03 15:56:00+00:00,2.32577387183598e-05,0.032422804369416525,0.5702324643350551,0.004827074584653586,0.3702114085805681,0.6687095856899818
2025-04-03 15:57:00+00:00,0.00011238365482927162,0.08522935227658171,0.7016871251432404,0.0024475670376425617,0.6435483121519646,0.8029058936001313
2025-04-03 15:58:00+00:00,1.8320368445326173e-05,0.09496356694680125,0.3656660085465351,0.024668613706280745,0.25085931181853355,0.7283614989454169
2025-04-03 15:59:00+00:00,2.6388452378337883e-05,0.1475906639909908,0.5515661046144784,0.06603255204827417,0.16437668275020323,0.8871070482722626
2025-04-03 16:00:00+00:00,7.19777598016608e-05,0.35547638101966067,0.5542453080668033,0.1468496327066927,0.17983307022421213,0.8859949840159889
2025-04-03 16:01:00+00:00,6.628300463881426e-05,0.1593314473625132,0.5367272322999299,0.030862534705901123,0.31681100873524576,0.8024010097773905
2025-04-03 16:02:00+00:00,3.1847920098193526e-05,0.05299742849125067,0.7301050435104457,0.010660989874951312,0.33098536665734596,0.8837057052950433
2025-04-03 16:03:00+00:00,2.152218407381108e-05,0.12324118113825425,0.9327290373541861,0.08156534268108454,0.09943885823097004,0.7731406680780657
2025-04-03 16:04:00+00:00,6.659905137346481e-05,0.06011067560388772,0.9011949266003154,0.012791308585801579,0.35787275594720036,0.8266906699534928
2025-04-03 16:05:00+00:00,8.244407032159356e-05,0.22195206711883514,0.676020487772903,0.05898411497785474,0.269765057084757,0.9310207300832197
2025-04-03 16:06:00+00:00,8.299454982027956e-06,0.12016872860740405,0.8700780638518284,0.10656387845235593,0.03326424723116387,0.41410639732213117
2025-04-03 16:07:00+00:00,5.8878440372569256e-05,0.20634087728737954,0.9492929415943483,0.13742878032235753,0.11204371397857191,0.548578947987966
2025-04-03 16:08:00+00:00,9.04336095636196e-05,0.2363410274082913,0.7850551187088084,0.0887488306353759,0.21556391951914552,0.8631003507491875
2025-04-03 16:09:00+00:00,0.00011767788327562266,0.20670374427224789,0.7103227102045959,0.03149743247125762,0.37451482015942883,0.9238664560003306
2025-04-03 16:10:00+00:00,0.00014267458510552634,0.13121039699562959,0.8514230287485154,0.023364529024001622,0.380719151900275,0.8317368751714919
2025-04-03 16:11:00+00:00,8.041033887014005e-05,0.15050379970131988,0.6856912806857661,0.028846153438167065,0.3339412032203421,0.8949060103166795
2025-04-03 16:12:00+00:00,8.871438142229316e-05,0.10516744757481035,0.8184683643475683,0.012049213796432444,0.43591927528895946,0.9503529342312521
2025-04-03 16:13:00+00:00,6.443682842731753e-05,0.11493821251674584,0.5955949534360379,0.009249961651811422,0.4650354470948256,0.809751686722658
2025-04-03 16:14:00+00:00,6.997271530467079e-05,0.06701634280007712,0.7229482837789553,0.002873868427032273,0.5851077005425812,0.8663153347806536
2025-04-03 16:15:00+00:00,3.096159264329446e-05,0.3083604111475514,0.8517381624139445,0.21954532042944117,0.07643719521376191,0.927413168974032
2025-04-03 16:16:00+00:00,5.461303235945075e-05,0.06841231666190828,0.9818274793308093,0.027178872006735785,0.24486978652363683,0.7036534787514035
2025-04-03 16:17:00+00:00,3.2942796172795224e-05,0.059698603238629286,0.6657827780530532,0.010607350995084515,0.34660671001799614,0.8740728120682775
2025-04-03 16:18:00+00:00,2.2178825313626302e-05,0.07336432596515888,0.5389178448902532,0.016266641128176065,0.2901096177977662,0.8196862639282249
2025-04-03 16:19:00+00:00,4.5232424237987516e-05,0.12258746515642882,0.9098970713645536,0.05786006958977794,0.17829412909197118,0.8052585596795189
2025-04-03 16:20:00+00:00,1.9796590922955657e-05,0.21412165055282661,0.5747601045013706,0.14985913300442247,0.07746449348075508,0.7636876601033953
2025-04-03 16:21:00+00:00,0.00013629047542355722,0.2539835484684103,0.6052893603926801,0.01574793180489841,0.5051582069943812,0.7113264171391835
2025-04-03 16:22:00+00:00,3.481678916454979e-05,0.1769215310002611,0.5550370479609916,0.07447313667370623,0.17649010231714093,0.8714663843288231
2025-04-03 16:23:00+00:00,2.7926891457602798e-05,0.09597771771070492,0.8962139740115589,0.06036128036726047,0.121237697784718,0.5850462914717838
2025-04-03 16:24:00+00:00,2.346313106541436e-05,0.1153133323450536,0.7780951105078486,0.06895982661839585,0.11953873777419893,0.7316340780780539
2025-04-03 16:25:00+00:00,2.712435841123662e-05,0.10986189805955543,0.9903341407021458,0.07478495861071008,0.1037864785103115,0.5946292996772048
2025-04-03 16:26:00+00:00,2.6370596115694614e-05,0.03053006480186821,0.7716130649607503,0.007053770904591259,0.3258267673784627,0.7478639075165678
2025-04-03 16:27:00+00:00,6.622905713232943e-05,0.061566069225945125,0.6930499282799472,0.0048691764986319415,0.49112394425580164,0.801550976510192
2025-04-03 16:28:00+00:00,2.1823553268277686e-05,0.23297241475538244,0.5786464280296952,0.15974683925607847,0.08120752792348482,0.8094010533506073
2025-04-03 16:29:00+00:00,3.0772416502563425e-05,0.07521904872341101,0.8798606575048177,0.037272030337678466,0.1731820595718087,0.692968635822971
2025-04-03 16:30:00+00:00,2.619070626618156e-05,0.09371879281020393,0.7751538497909042,0.04611707583811831,0.16118921491544846,0.7804693253580993
2025-04-03 16:31:00+00:00,2.839266330407537e-05,0.03797962539073653,0.7462993817919792,0.005534873506072183,0.3934228935359985,0.8905312278415923
2025-04-03 16:32:00+00:00,3.1186766080287364e-05,0.19225540656608175,0.6951411564496708,0.1108714698437167,0.12039774036064416,0.8527092230510863
2025-04-03 16:33:00+00:00,7.069260303121256e-05,0.11369394214293208,0.7505341901361859,0.03236171733608297,0.27689344997304355,0.7632729090448741
2025-04-03 16:34:00+00:00,4.9373038996786265e-05,0.07510310931105921,0.7664171340320103,0.019404607163349165,0.2962596139639917,0.8041357456888125
2025-04-03 16:35:00+00:00,4.630468334785251e-05,0.17788743819225333,0.8174934886777736,0.10280956411506068,0.13181346231504393,0.6809656570604588
2025-04-03 16:36:00+00:00,5.060622884654333e-05,0.15032660155245325,0.7624706571906247,0.0604855823572078,0.20036786547941898,0.8513831371336432
2025-04-03 16:37:00+00:00,4.778036031947058e-05,0.22647075094618635,0.4484781749688048,0.07147891477966896,0.2225604201572609,0.8138707260294811
2025-04-03 16:38:00+00:00,4.984070370397483e-05,0.19255317064784788,0.7206024296570128,0.08106872570915145,0.18477172197328873,0.9016180456624487
2025-04-03 16:39:00+00:00,5.943495850445213e-05,0.18732553345631925,0.7571401450573734,0.08179584166546548,0.1843794053734089,0.8190972740481682
2025-04-03 16:40:00+00:00,5.120163737210319e-05,0.12746368661039573,0.7493516365322439,0.04281342922187512,0.23547420537061065,0.8744140873035641
2025-04-03 16:41:00+00:00,4.495938999958517e-05,0.10030672557545944,0.7738159135998712,0.042828272623789694,0.19948185162747786,0.6887449535820744
2025-04-03 16:42:00+00:00,6.974835079294199e-05,0.15639420149681676,0.5546809618082024,0.025856363746158215,0.3442035251964298,0.8245558377625474
2025-04-03 16:43:00+00:00,5.4136007057049374e-05,0.12725262218431785,0.9540553658632659,0.08435669343487684,0.12719932691404265,0.4615782462058322
2025-04-03 16:44:00+00:00,6.240306769350153e-05,0.058249977529447064,0.8410189322556638,0.012837150284883452,0.34496913251057365,0.750717121193974
2025-04-03 16:45:00+00:00,6.006866872619284e-05,0.02912507438574144,0.856666679837368,0.002865675682504479,0.5087222166046895,0.7864475844192018
2025-04-03 16:46:00+00:00,3.6009329360692826e-05,0.0728736677330327,0.6135185238286318,0.016367550418402724,0.3016890407869058,0.7958107095781723
2025-04-03 16:47:00+00:00,1.186622011063853e-05,0.04018766122746783,0.9907504075445479,0.023354760982737092,0.1365388206913226,0.7372182784981883
2025-04-03 16:48:00+00:00,4.6491994934151275e-06,0.11394776156104275,0.6833916128390505,0.09778186342397037,0.034277101473742806,0.7443719544155314
2025-04-03 16:49:00+00:00,4.130149132632021e-05,0.08890772335610038,0.6393760286368584,0.017748800477330726,0.318439641495795,0.8681336252168989
2025-04-03 16:50:00+00:00,3.1288148573826936e-05,0.04563575045448666,0.9834242378698819,0.015917479768665033,0.25825031027674084,0.8150203627181196
2025-04-03 16:51:00+00:00,4.984067344553358e-05,0.09167020415907155,0.6270649140447742,0.013571315872456398,0.3690878694598919,0.8570462445560644
2025-04-03 16:52:00+00:00,2.4796971227638648e-05,0.1198563543653902,0.7282340434477794,0.061209744864106214,0.14634511025247077,0.8808553628720375
2025-04-03 16:53:00+00:00,4.4753905535098576e-05,0.2268894246198783,0.6412844349762208,0.10948300122137695,0.15412143476935436,0.8801740470309796
2025-04-03 16:54:00+00:00,1.5528059945876436e-05,0.04634304860994186,0.9842399060977376,0.025055679242026327,0.15313685387927345,0.7608156931092962
2025-04-03 16:55:00+00:00,4.857704897231108e-05,0.1630439182631655,0.7114839731846876,0.06065550634327641,0.20868629311106207,0.9232561732926974
2025-04-03 16:56:00+00:00,3.82251673365007e-05,0.1766837521748255,0.4500190774758981,0.046385819127990474,0.254125275608229,0.8215721390992737
2025-04-03 16:57:00+00:00,5.791981793691115e-05,0.12472617663487089,0.8367120069070981,0.04270848475763779,0.23843780632870207,0.8750997406496122
2025-04-03 16:58:00+00:00,3.521457431985612e-05,0.16138135894075933,0.6245760040858911,0.07150716753273553,0.17061885705913957,0.879035768732926
2025-04-03 16:59:00+00:00,2.2110251389082074e-05,0.047421771586591596,0.9464902646535129,0.031418244613788913,0.13120465125805802,0.4425411504614224
2025-04-03 17:00:00+00:00,3.0367609070699823e-05,0.16229012295419992,0.6775207753998505,0.08771774993976145,0.1341052636214482,0.8276699001480171
2025-04-03 17:01:00+00:00,1.2848689980307614e-05,0.07269032584680932,0.9181433710935911,0.053124561406774996,0.08231837158065967,0.5665537430738485
2025-04-03 17:02:00+00:00,1.6396911686834896e-05,0.11967742030683035,0.6591042526499798,0.07443227934497576,0.10404114873391378,0.8107255925056238
2025-04-03 17:03:00+00:00,3.0631130567614194e-05,0.06336502289636729,0.7094536243931957,0.014043081739717191,0.3077275278144441,0.9155750032772928
2025-04-03 17:04:00+00:00,3.9045121192377805e-05,0.06932102827944159,0.6243095366616125,0.010867882173456276,0.3617942827727726,0.8420174658490104
2025-04-03 17:05:00+00:00,2.450554193112301e-05,0.07762961231128125,0.8642941885457753,0.0401751300429089,0.1566522392792034,0.7506229263492658
2025-04-03 17:06:00+00:00,1.1036268036105154e-05,0.06003920815001355,0.8450921191750322,0.04955812109321843,0.06191771695198719,0.32317772310769677
2025-04-03 17:07:00+00:00,2.1220465321142115e-05,0.019804709656835107,0.7035728865080271,0.0005156086475344027,0.6446150798645586,0.8093054168464741
2025-04-03 17:08:00+00:00,3.0371358921237774e-05,0.07506871999472917,0.6461572598227164,0.016734138295687935,0.2990700752964247,0.913281662797289
2025-04-03 17:09:00+00:00,3.257448408137569e-05,0.13707600887987642,0.6753128298511699,0.05137074691123988,0.2010995536441654,0.9577770224975088
2025-04-03 17:10:00+00:00,3.836137143944775e-05,0.1673505311308116,0.6259347743551016,0.06446753341171237,0.19480932941977708,0.922425725984684
2025-04-03 17:11:00+00:00,2.1866587238258384e-05,0.08491687963362884,0.567697354409342,0.032045061666493624,0.2001525925961756,0.8283076574588834
2025-04-03 17:12:00+00:00,3.340700556120868e-05,0.15143249134096137,0.6214500379073444,0.06117754687089831,0.18641698440221802,0.9303055345306476
2025-04-03 17:13:00+00:00,3.0311883758781662e-05,0.11388883873714929,0.6389106333135708,0.040714470559960636,0.211680973146405,0.922460844265952
2025-04-03 17:14:00+00:00,2.768457624761166e-05,0.12779733180577008,0.7728277404170472,0.0777804342724199,0.11784009749063806,0.6686426567061019
2025-04-03 17:15:00+00:00,3.1739999341146844e-05,0.13256382572967984,0.8107998847220874,0.061888273044655835,0.1661954602488349,0.9547940384343128
2025-04-03 17:16:00+00:00,3.8522855860010787e-05,0.10037768713503806,0.6553614340706283,0.029953999028598237,0.25034951685248474,0.8547412625975437
2025-04-03 17:17:00+00:00,4.5578571655161145e-05,0.06350223189190904,0.7461168242212579,0.0150179196911374,0.3120386624125174,0.7777689806290299
2025-04-03 17:18:00+00:00,6.7885213138996074e-06,0.09494471264485618,0.8242764038117542,0.07445767664395299,0.055149996596201976,0.8696376736978237
2025-04-03 17:19:00+00:00,3.248587784862484e-05,0.00869339028264799,0.9213655740126908,0.00146342080647817,0.4821532499647189,0.6467255921965931
2025-04-03 17:20:00+00:00,3.7197799674477735e-05,0.029555186860515913,0.7185809268511643,0.0004585982346563226,0.7374586787025886,0.7742704554332752
2025-04-03 17:21:00+00:00,3.0020623811929145e-05,0.07094740912828848,0.6605062591114721,0.01562163845622476,0.30353141888009944,0.9195351055454775
2025-04-03 17:22:00+00:00,4.9153041827414635e-05,0.09419300617613827,0.5584637160902678,0.010342157484355036,0.41243099103080455,0.8130068217361557
2025-04-03 17:23:00+00:00,2.9467509998706695e-05,0.08506973267643234,0.7357588477766277,0.02881183362549004,0.2283399896371314,0.912948256098709
2025-04-03 17:24:00+00:00,4.4716423257028374e-05,0.2078995612428411,0.45312503925651837,0.056046492351825024,0.24956421403228413,0.8263880768131301
2025-04-03 17:25:00+00:00,2.5882291125247984e-05,0.11371323757878785,0.7327968275870028,0.053552881490474054,0.1626528386440718,0.8570525180449124
2025-04-03 17:26:00+00:00,4.819797780884963e-05,0.08051748957669905,0.6148542330408927,0.008257414898378194,0.42874409447023787,0.8487089385152491
2025-04-03 17:27:00+00:00,7.50659080094582e-05,0.12028925687952502,0.7881020772944242,0.034259600715653336,0.2789140261626009,0.8032848662936694
2025-04-03 17:28:00+00:00,4.164587496919252e-05,0.07492344347161928,0.9845187787723353,0.038576632888460305,0.18220295509555426,0.6317761257833029
2025-04-03 17:29:00+00:00,3.070270129794072e-05,0.15138750831253064,0.6684424889697601,0.06336160326119829,0.1792263146768534,0.9750829261866418
2025-04-03 17:30:00+00:00,2.724350602606619e-05,0.0709690670761317,0.8911444898461767,0.0310108505335381,0.19228332984973812,0.8400655329157692
2025-04-03 17:31:00+00:00,1.8947074325956627e-05,0.07690286518400302,0.7407018557742545,0.031348578279606,0.18852130927042995,0.8830896466225007
2025-04-03 17:32:00+00:00,2.3919072090736283e-05,0.059753377659509575,0.8063527100907404,0.019889679910397626,0.23783913099643786,0.9221839661291734
2025-04-03 17:33:00+00:00,8.14284522075241e-06,0.03133979891801671,0.8450921191750322,0.024920735091335928,0.07753330409582802,0.3169081154843699
2025-04-03 17:34:00+00:00,3.486321110387186e-05,0.13366524370246194,0.7646769370923401,0.05340209191391013,0.19405412403672925,0.9758477121366166
2025-04-03 17:35:00+00:00,4.1741905012896444e-05,0.3092325901982172,0.6867872960125377,0.18447117023885254,0.1111623819179499,0.8651808874923939
2025-04-03 17:36:00+00:00,2.2059884749501594e-05,0.087984552639927,0.8675842580106887,0.04396416188444141,0.15627725221794703,0.8869849252340608
2025-04-03 17:37:00+00:00,3.683853546704149e-05,0.12244769697025154,0.4937578811851474,0.012428606577063007,0.40873818004315987,0.47225489860714953
2025-04-03 17:38:00+00:00,2.3876185508646845e-05,0.18040174954917362,0.839528454990693,0.1272079887523995,0.08249987527869039,0.7416585967002776
2025-04-03 17:39:00+00:00,5.7569301591252376e-05,0.08809824848768799,0.750582732992493,0.02518054515860275,0.2777088367460759,0.7384567867519143
2025-04-03 17:40:00+00:00,3.9215063701339434e-05,0.18161869195076658,0.39062826537684925,0.030033250527916666,0.3252675343833046,0.5744335257065412
2025-04-03 17:41:00+00:00,2.5172478727583734e-05,0.15744372980920102,0.5939119518387677,0.0756621632374441,0.15044555872227755,0.942247012664152
2025-04-03 17:42:00+00:00,1.8468238763503438e-05,0.11376505056941992,0.5728161821998883,0.06219955603522974,0.1284497607653429,0.7845957877662537
2025-04-03 17:43:00+00:00,2.060759584483276e-05,0.08437158760184771,0.6575709159963857,0.04085596300950382,0.1582265041658655,0.7629560603882207
2025-04-03 17:44:00+00:00,4.585382610669029e-05,0.09947063758684052,0.45864815244161483,0.00607779874567352,0.4924714506327859,0.6226969060943914
2025-04-03 17:45:00+00:00,5.090822761180373e-05,0.06904213791992739,0.8401444786727743,0.012494323738980018,0.3620234524261167,0.9447187672521918
2025-04-03 17:46:00+00:00,5.523362383877132e-05,0.21143313659856078,0.7356231939101046,0.08522720793695047,0.19230481140799424,0.9582566457506521
2025-04-03 17:47:00+00:00,3.320593553487896e-05,0.06936442639512155,0.6973982763003161,0.01443538437154078,0.3183030490533925,0.9225006533450861
2025-04-03 17:48:00+00:00,4.014284668487053e-05,0.09125929729650588,0.6989588179387705,0.017871215883475445,0.3245534992446294,0.8979757336212006
2025-04-03 17:49:00+00:00,2.4872237392112783e-06,0.06617727470882351,0.12734574945023858,0.043190028248194054,0.07936129420399683,0.50373698419901
2025-04-03 17:50:00+00:00,1.9813800777446722e-06,0.004109371563897776,0.8450921191750321,0.003098077517061893,0.10926549538064273,0.2967390686164032
2025-04-03 17:51:00+00:00,1.6399239024604512e-05,0.05982171778025051,0.9587212726848529,0.04277393420232606,0.09828107618687196,0.4785964152027108
2025-04-03 17:52:00+00:00,2.083986561835809e-05,0.04864197382766841,0.9819944229073445,0.024776869566930176,0.1731760440947153,0.7101326429720113
2025-04-03 17:53:00+00:00,3.4848778193424646e-05,0.08317510315078222,0.8604113537797466,0.02723177037076209,0.243261897301191,0.9514631320652726
2025-04-03 17:54:00+00:00,4.210959033974861e-05,0.10488825369872841,0.7518044942964681,0.035592539549134404,0.23303167551690185,0.8687261106465656
2025-04-03 17:55:00+00:00,2.5490065226462467e-05,0.10652875276169284,0.677984066201125,0.03831819426976019,0.20608740018299637,0.715105906761248
2025-04-03 17:56:00+00:00,4.057665768674217e-05,0.04314297661193306,0.7922030958848907,0.007047792185466857,0.38312696519243494,0.837630063958744
2025-04-03 17:57:00+00:00,7.516896289192611e-06,0.001621162359719184,0.8450921191750322,0.001974320160137007,0.2121167897459487,0.19265380007770938
2025-04-03 17:58:00+00:00,5.662739181997203e-05,0.14343428855938095,0.7272982987727848,0.03560699471011891,0.28417434420883186,0.9679941435774696
2025-04-03 17:59:00+00:00,3.312392857055707e-05,0.08689749910810805,0.641544435281314,0.025984532162853048,0.24945918308886297,0.840773064317511
2025-04-03 18:00:00+00:00,4.3946458420265346e-05,0.04687054729955612,0.7660524068983271,0.005398224872149852,0.43755061061602496,0.8905335320454402
2025-04-03 18:01:00+00:00,2.206554197992694e-05,0.09539466225723092,0.8622949597526617,0.07605328621467793,0.07390473602405047,0.33732287947343953
2025-04-03 18:02:00+00:00,2.6506774962603987e-05,0.2422404967289161,0.391908122843319,0.11658044666302904,0.14257795658868078,0.8591281029870723
2025-04-03 18:03:00+00:00,2.6475058747739763e-05,0.10353012243687822,0.3784554413697925,0.01981583531915863,0.3039769954420419,0.6993112789302829
2025-04-03 18:04:00+00:00,4.013521387105512e-05,0.08721937563780646,0.5712103416959917,0.013416233593607578,0.35713293709770333,0.8388068611614714
2025-04-03 18:05:00+00:00,1.0490920637477036e-05,0.11538068039399418,0.8563192686480156,0.10202175338258179,0.03712662240368435,0.33729535260619914
2025-04-03 18:06:00+00:00,3.8641564239402845e-05,0.06298534260486136,0.5797699221792074,0.005225944752868521,0.457389655194652,0.8009547643665447
2025-04-03 18:07:00+00:00,9.080108491153069e-06,0.006444029846047977,0.9090729003261239,0.004300738649799098,0.19661607499608738,0.34083920505922893
2025-04-03 18:08:00+00:00,3.185787122105012e-05,0.04417140762268699,0.9092664278587268,0.011004712657519969,0.3125501493714927,0.9057181194210953
2025-04-03 18:09:00+00:00,2.7532179364231092e-05,0.16096336135411404,0.470231708921805,0.05976884840738472,0.19352207233602423,0.8856962537464561
2025-04-03 18:10:00+00:00,0.0,0.005,1.0,0.005000000000000002,0.0,0.0
2025-04-03 18:11:00+00:00,3.797760582523799e-05,0.04074580154854893,0.5655919662606432,0.00042452849664128417,0.7673499436171562,0.5473475838071326
2025-04-03 18:12:00+00:00,3.406212411817385e-05,0.03137732253912246,0.5703065408524177,0.0003423430908199374,0.7538556474444755,0.627452745177082
2025-04-03 18:13:00+00:00,3.5983985475948205e-05,0.03940673608538736,0.6610907419955483,0.005384919846898901,0.39708868200323666,0.712035591963396
2025-04-03 18:14:00+00:00,9.296620449337854e-06,0.11653986785235834,0.38903338939022736,0.06886012590680457,0.10380514142985847,0.7765458291738974
2025-04-03 18:15:00+00:00,2.397398506111474e-05,0.02875631154481543,0.6393757249291994,0.0007418374105984758,0.6463324014064108,0.7019814022162665
2025-04-03 18:16:00+00:00,2.699477334231326e-05,0.08044403852338806,0.504724109214878,0.014062714770694923,0.32975813305238116,0.8153166906512485
2025-04-03 18:17:00+00:00,9.659954612338125e-05,0.16194950266835526,0.7680198027296283,0.029275922100242154,0.35067330837003835,0.9479070029268023
2025-04-03 18:18:00+00:00,5.936688848056263e-06,0.0886243671007777,0.6219330205300451,0.06585016807145141,0.06360452312718445,0.9381638563768729
2025-04-03 18:19:00+00:00,2.4264783810757855e-05,0.11423075192958568,0.3445827530558786,0.01754402959958452,0.3353761427452202,0.5156077770617802
2025-04-03 18:20:00+00:00,1.7510966854805846e-05,0.04022597920830252,0.5573960944052279,0.008156541125820666,0.31196107383174076,0.8043396846425175
2025-04-03 18:21:00+00:00,3.4169172748857385e-05,0.12676639118064045,0.6774561861781376,0.049783324150969206,0.1960665240008013,0.8941690277775194
2025-04-03 18:22:00+00:00,3.0031008313750754e-05,0.08281290829252104,0.941201728747985,0.0388108015769148,0.17967276261557305,0.8265713310243908
2025-04-03 18:23:00+00:00,2.615595310429645e-05,0.05720390693699168,0.8900075399267483,0.03879658280037807,0.12611921713748803,0.3997121458367642
2025-04-03 18:24:00+00:00,6.32664629102276e-05,0.12324714232692291,0.5609635002362718,0.016593058108517855,0.38149084898255914,0.8137079577013552
2025-04-03 18:25:00+00:00,4.5779853978619e-05,0.07904756171867947,0.6067120430262701,0.009465357563962466,0.40781949637179193,0.8256041218379433
2025-04-03 18:26:00+00:00,1.6473304612216117e-05,0.08474944014197065,0.388304277596324,0.01653679279151414,0.2968611492491961,0.5887681263962501
2025-04-03 18:27:00+00:00,5.319331117634571e-06,0.017608965787219717,0.8450921191750321,0.013788789433980094,0.08489028296461705,0.31305276038048335
2025-04-03 18:28:00+00:00,1.5603254734591984e-05,0.07620889538143938,0.9578003161307402,0.05547719018769746,0.08676908832680011,0.5392807413202515
2025-04-03 18:29:00+00:00,3.614243746385459e-05,0.02410950050878103,0.9586803998383322,0.0042766767995772855,0.4085771482027413,0.8552033690258459
2025-04-03 18:30:00+00:00,1.5882464623245806e-05,0.020993795429755265,0.9607058812467901,0.01123072828146258,0.19032249718624755,0.5208667148311916
2025-04-03 18:31:00+00:00,2.2670321959575697e-05,0.01227599342976992,0.8340715306598359,0.0005142993404146182,0.6195713969337063,0.8724498952081925
2025-04-03 18:32:00+00:00,2.325757083281479e-05,0.24062699030265763,0.724038118348163,0.1633003528584877,0.08392076795718496,0.9511397240615077
2025-04-03 18:33:00+00:00,1.0280265883851511e-05,0.03009810553363445,0.7601489910646897,0.016116564693185946,0.15199900706016045,0.6003632801884682
2025-04-03 18:34:00+00:00,2.2779981844935253e-05,0.03976042010673421,0.8450921191750321,0.02973789937286675,0.11861213521663033,0.28923973682848636
2025-04-03 18:35:00+00:00,0.00012377789108425268,0.18004673562419019,0.7051585179209893,0.03714616510971155,0.3296357100090398,0.7939829691123229
2025-04-03 18:36:00+00:00,2.2431614946693897e-05,0.0804277364465365,0.575683731788331,0.03127851573246612,0.19678664383511368,0.7729233031293239
2025-04-03 18:37:00+00:00,1.4639336461665734e-05,0.1595169348687052,0.5084829031286491,0.09541203195117151,0.10419611093906511,0.932882326177143
2025-04-03 18:38:00+00:00,2.951206713957682e-05,0.040489010642918676,0.8459146911502997,0.014735646120739642,0.2477297819765512,0.6732711534061132
2025-04-03 18:39:00+00:00,2.0580352876870105e-05,0.01661363418886636,0.9795048746244762,0.004494676095801451,0.33533507494656134,0.7763680712976334
2025-04-03 18:40:00+00:00,2.653465421190182e-05,0.08267212046031874,0.600461458863023,0.023558254510211325,0.2521841704557096,0.8904116530738755
2025-04-03 18:41:00+00:00,0.000120930776983087,0.3049531644912311,0.5952399425005944,0.07192809420542601,0.2868778666462183,0.8503639817963471
2025-04-03 18:42:00+00:00,3.0002651639934302e-05,0.22694318830877275,0.34504383424084895,0.07462704091160109,0.20632172239511337,0.6510711703396164
2025-04-03 18:43:00+00:00,6.400853532062969e-05,0.05198904713240263,0.7624714633373197,0.008557897655627571,0.39230923901925635,0.7044219469489561
2025-04-03 18:44:00+00:00,4.552394699404348e-05,0.10346885370409684,0.5116683668858546,0.012863294999349515,0.38678471132122416,0.7872666243283137
2025-04-03 18:45:00+00:00,3.642637340380622e-05,0.046783541455284613,0.4887187715149637,0.0003191348603118964,0.7959811458119777,0.4466801467272443
2025-04-03 18:46:00+00:00,3.0486583065521723e-05,0.07390510925493468,0.49232513064033867,0.011028072416026978,0.3556531792035396,0.7741443983887983
2025-04-03 18:47:00+00:00,1.230403828180857e-05,0.091266777602897,0.44993598548356906,0.04005955282204225,0.16146848215228354,0.878005028962561
2025-04-03 18:48:00+00:00,3.2696212082390813e-05,0.04213744511875218,0.5501364407308508,0.001314700318553611,0.6046971772259482,0.6903934375831663
2025-04-03 18:49:00+00:00,4.676139462131807e-05,0.10786525545689024,0.493296846094213,0.01567899177068704,0.3592264990835391,0.7618648599384243
2025-04-03 18:50:00+00:00,3.1844175372069035e-05,0.13520707577543356,0.46870423299424346,0.04306869403611648,0.22383434304246264,0.8148261521788729
2025-04-03 18:51:00+00:00,2.3344741009704662e-05,0.010334949331752094,0.7684167589361163,0.0005044673267422333,0.6054124681629528,0.7330218382414497
2025-04-03 18:52:00+00:00,3.7551941176614136e-05,0.11348110014689984,0.44500957310404854,0.017337059406353692,0.3456016217127718,0.7461428820364606
2025-04-03 18:53:00+00:00,1.5235993269937019e-05,0.14928301245354472,0.1551447326671167,0.01991596052746628,0.3370829700274102,-0.43712297187646953
2025-04-03 18:54:00+00:00,3.908589761421952e-05,0.054170618392251874,0.7728128159091681,0.01728489864942722,0.26601442739175685,0.6768787593299594
2025-04-03 18:55:00+00:00,2.4534523661369e-05,0.04080351504503382,0.6077655491914017,0.003668331673026628,0.4518476432892751,0.8300484792223853
2025-04-03 18:56:00+00:00,2.6092160867538786e-05,0.1665014318392008,0.6539246341752314,0.0891207290079306,0.13234181399820016,0.9204505149924344
2025-04-03 18:57:00+00:00,2.5832021971532666e-05,0.07271428566652757,0.5200669454921585,0.01284406103542301,0.32986379952797656,0.8295991241200649
2025-04-03 18:58:00+00:00,3.727529032242321e-05,0.15471611596791632,0.6279833982420195,0.05994996233204804,0.19548721527786436,0.9198375612267312
2025-04-03 18:59:00+00:00,3.740033162275533e-05,0.09166238272779845,0.5611360239641705,0.020979360265161385,0.29147268960150974,0.8056501215347383
2025-04-03 19:00:00+00:00,2.425607377203193e-05,0.03837989829747464,0.6135796468685216,0.00684625182159103,0.3443280953219586,0.7527546116919553
2025-04-03 19:01:00+00:00,2.5725382317845407e-05,0.23304176408298619,0.45794197539627446,0.12241545361313724,0.12840571914573165,0.8796980022450078
2025-04-03 19:02:00+00:00,1.664208766163254e-05,0.04307601291474196,0.5691396245345385,0.011243441423957154,0.2695489050909024,0.7988034937758219
2025-04-03 19:03:00+00:00,1.981155750445946e-05,0.07290895006381115,0.724301553059913,0.02573322346113855,0.21467272087782344,0.91000462483765
2025-04-03 19:04:00+00:00,2.672303070011689e-05,0.06617411849962054,0.8429643289822202,0.02742330586892232,0.20180728597619363,0.8152350564489077
2025-04-03 19:05:00+00:00,4.290108149525504e-05,0.06445380224400504,0.7418590764652839,0.0106705251347339,0.3640707628415783,0.9003445076401924
2025-04-03 19:06:00+00:00,1.0299187048411066e-05,0.015370525343884743,0.8450921191750321,0.011458907670759213,0.1271414647419508,0.28188915798345393
2025-04-03 19:07:00+00:00,1.328033811367901e-05,0.0406000255391005,0.7673994822860493,0.016872541440867944,0.1936175271290259,0.8529630091134852
2025-04-03 19:08:00+00:00,1.879793059104009e-05,0.1561726668704231,0.4600794893257153,0.08393584379694255,0.12570427379822072,0.8533513653245869
2025-04-03 19:09:00+00:00,2.4198713772227143e-05,0.08572867449725845,0.3475707122540823,0.0037278753783712517,0.5252553994552134,-0.01395250760676614
2025-04-03 19:10:00+00:00,2.079102886020844e-05,0.06076893553731916,0.5814554092371791,0.02216695332107474,0.21161761082959762,0.7084461804839309
2025-04-03 19:11:00+00:00,5.035379755638686e-05,0.05585541920630156,0.8452803487247414,0.012263077368853636,0.33823949094452965,0.8222050430569463
2025-04-03 19:12:00+00:00,1.806486031092989e-05,0.04793654220564515,0.9686212638167438,0.027493925604464932,0.14691179297961984,0.6433391162134533
2025-04-03 19:13:00+00:00,3.0882797588109416e-05,0.02786805167116882,0.8448431810530926,0.002817762888937325,0.46741530842032164,0.9347772072858003
2025-04-03 19:14:00+00:00,1.8244282740731527e-05,0.08586295686463985,0.7719162652403091,0.048055568115250316,0.13175667383689887,0.794686052630825
2025-04-03 19:15:00+00:00,4.107843866443144e-05,0.09742612917914219,0.5343527624172166,0.013979550078948137,0.36499744050541666,0.8201054780007169
2025-04-03 19:16:00+00:00,4.112654836592217e-05,0.1303265976847412,0.6667407998709306,0.04020402190957591,0.2406906447579027,0.937564992822255
2025-04-03 19:17:00+00:00,3.3659623038386735e-05,0.06209321748498668,0.7560556069468425,0.021099555291289263,0.24301194820354058,0.7352386544943581
2025-04-03 19:18:00+00:00,2.9596449757566445e-05,0.015553681893495166,0.7875344777591974,0.00041789407661907115,0.6798705846974985,0.8356598389606177
2025-04-03 19:19:00+00:00,4.310433574180765e-05,0.07928019816594803,0.720420583136117,0.020372903248793872,0.2876610290513643,0.8347443097972234
2025-04-03 19:20:00+00:00,3.2506099028069595e-05,0.1207787453264129,0.5858372395234319,0.03808694164130531,0.23087101840662255,0.9023131983501428
2025-04-03 19:21:00+00:00,3.436393767249141e-05,0.08384631402771578,0.7730819916439151,0.025552837167416388,0.25238517682127626,0.9215670034880812
2025-04-03 19:22:00+00:00,3.358700131526612e-05,0.06543414604334277,0.7984309960916338,0.010995506462257538,0.35719078612857613,0.9609372761647673
2025-04-03 19:23:00+00:00,3.957924051312461e-05,0.1464397411317145,0.7432813276089139,0.06473677022630263,0.17742964839458264,0.8802439883223178
2025-04-03 19:24:00+00:00,3.3090078403525605e-05,0.0869682381680954,0.4986768861544887,0.013076310329262347,0.35369461677137715,0.7959747434199231
2025-04-03 19:25:00+00:00,1.7149366768910918e-05,0.028460451303431156,0.8168120399252512,0.01324368804518779,0.19714617226139772,0.558656111096812
2025-04-03 19:26:00+00:00,1.740512002108331e-05,0.19809182957665025,0.5722879529470748,0.1401389176897185,0.07496781209017488,0.7748636692703723
2025-04-03 19:27:00+00:00,3.368169339902343e-05,0.12441502456058157,0.5504866593095807,0.0382728706695326,0.23519842881458386,0.8740446445785565
2025-04-03 19:28:00+00:00,2.308129845315921e-05,0.21028133696312618,0.5653726664741827,0.13365959043298356,0.09642250155872956,0.8270669551734664
2025-04-03 19:29:00+00:00,4.358652108452109e-05,0.1562286778988929,0.6231355518403898,0.06020411578351155,0.19929656227003245,0.8388198757734948
2025-04-03 19:30:00+00:00,3.7657757995915115e-05,0.11325553301952404,0.7150648962576751,0.044194309772686985,0.20365275666359037,0.8395251007473221
2025-04-03 19:31:00+00:00,2.96470580986474e-05,0.07131975815574801,0.5589345473918519,0.013708710098890875,0.3206870056281501,0.8343480598697035
2025-04-03 19:32:00+00:00,5.7153786453491076e-05,0.08170955650275863,0.7856441840131179,0.022842193680038963,0.2853052889980872,0.7569431105032468
2025-04-03 19:33:00+00:00,4.935445140713952e-05,0.13186307006659298,0.7476928049798228,0.0522206952134351,0.20525328854317926,0.8005979115595087
2025-04-03 19:34:00+00:00,2.1481641666849686e-05,0.08128808185396398,0.7400160606841616,0.037248149169760505,0.1710272333734544,0.860608105197852
2025-04-03 19:35:00+00:00,2.196822839266672e-05,0.1175919370551216,0.7603663950147406,0.06929236699495382,0.11998664859521145,0.7909539150467468
2025-04-03 19:36:00+00:00,2.3974380373008496e-05,0.02067087373689309,0.7441593915585175,0.0006784208350573056,0.63091024411336,0.8479664896326177
2025-04-03 19:37:00+00:00,3.994197846282238e-05,0.03041875885242421,0.7536970146470143,0.0036251703498978247,0.44411077924259346,0.7485903749779841
2025-04-03 19:38:00+00:00,3.866791092305328e-05,0.0879470386527185,0.5686393025419149,0.01628777859492737,0.32802734642470815,0.8350123499313091
2025-04-03 19:39:00+00:00,4.4683835403840396e-05,0.16119115229024675,0.8526919079824541,0.07623185384526614,0.16840616822811166,0.8982927550543274
2025-04-03 19:40:00+00:00,3.598577316417888e-05,0.0844342562206719,0.9569913477343103,0.04215554737624999,0.17537205818613638,0.7028296155780827
2025-04-03 19:41:00+00:00,2.0091742251764874e-05,0.0630765204561704,0.8502590762743025,0.02757996692635578,0.18535889263879574,0.8939488483949376
2025-04-03 19:42:00+00:00,4.238732756958832e-05,0.08961103471668094,0.5580094331893616,0.00759211210767937,0.45228733476650934,0.7465681360930838
2025-04-03 19:43:00+00:00,2.593254319758518e-05,0.0356847084086744,0.6182143643718268,0.002796552602143249,0.47214042972519654,0.816709192301316
2025-04-03 19:44:00+00:00,4.743649021603063e-05,0.0921840870857461,0.8151452193158295,0.03126800717159405,0.24305255548549687,0.8151419697575017
2025-04-03 19:45:00+00:00,3.162339319136268e-05,0.02225259204056583,0.7325287943370484,0.0012859969550865916,0.5523948669081962,0.7989920715324409
2025-04-03 19:46:00+00:00,3.228750204366488e-05,0.06777559148664114,0.749291422080873,0.02452212161646331,0.2279036794747166,0.7476102727750925
2025-04-03 19:47:00+00:00,7.419737141992615e-05,0.035431911152431786,0.9232326072375385,0.0037258160841314885,0.5071853414127357,0.8574881759447737
2025-04-03 19:48:00+00:00,8.861309214427423e-06,0.08101685004502164,0.8450921191750322,0.07058599891842104,0.04241803640109373,0.3268702073129497
2025-04-03 19:49:00+00:00,2.3517819049640924e-05,0.04483001540252267,0.7178440661392942,0.0096242375521525,0.31411700776034135,0.8986190600366739
2025-04-03 19:50:00+00:00,4.08220360758706e-05,0.0812772200459733,0.6592178917078658,0.012161096694363245,0.36814496170374594,0.9081927717528806
2025-04-03 19:51:00+00:00,4.061204432373605e-05,0.05716416091146232,0.7467383376728425,0.008896729918466762,0.3764728658182796,0.89833866491647
2025-04-03 19:52:00+00:00,1.4164289426870962e-05,0.026192799459740408,0.7723132817414314,0.010382497049528313,0.2187499070479364,0.6633297631253523
2025-04-03 19:53:00+00:00,4.597630263809684e-05,0.15130061982830775,0.7285761713230547,0.04745217494642836,0.23751469938706246,0.9653440993941005
2025-04-03 19:54:00+00:00,1.7938731048821024e-05,0.032781355363430714,0.7049128338821478,0.008457833070027022,0.2863884875156478,0.8112922872480844
2025-04-03 19:55:00+00:00,1.7966659834115417e-05,0.06728267423371717,0.6615334017008844,0.02754657023961946,0.1888152077573393,0.8647703981563815
2025-04-03 19:56:00+00:00,3.31536950681181e-05,0.028492532712059204,0.5955598301520109,0.001172616651261065,0.5742858768927919,0.6723590732540456
2025-04-03 19:57:00+00:00,1.82419693120841e-05,0.040743893986866855,0.56691168107548,0.0069605387175881266,0.342386819360189,0.8303368475828486
2025-04-03 19:58:00+00:00,1.592872014114099e-05,0.05253119244368634,0.7537901938945916,0.021374089750725682,0.19536464121566988,0.889620078656678
2025-04-03 19:59:00+00:00,1.2502842463329943e-05,0.010599476971862087,0.7589046763504312,0.0007707974153913555,0.5132000949547042,0.8639745329512915
