timestamp,x_t,c_t,d_t,impact_t
2025-04-03 13:30:00+00:00,6.375934237191191e-06,0.0019487021670475,0.4838193766451216,5.97149539972225e-06
2025-04-03 13:31:00+00:00,6.375934233125941e-06,0.0127598096016192,0.0373890212764024,0.008158140353289583
2025-04-03 13:32:00+00:00,6.375934229060681e-06,0.0017284215063692,0.3220250412535145,3.669295375401487e-05
2025-04-03 13:33:00+00:00,6.375934224995431e-06,0.0115714815236458,0.061697472104931,0.005531494106468941
2025-04-03 13:34:00+00:00,6.37593422093018e-06,0.0060402937764539,0.1245104619278702,0.001361975871030135
2025-04-03 13:35:00+00:00,6.375934216864921e-06,0.0021242830069691,0.2489206867841457,0.00010813240352585185
2025-04-03 13:36:00+00:00,6.37593421279967e-06,0.001800492802598,0.3099468714930434,4.4164773037264415e-05
2025-04-03 13:37:00+00:00,6.375934208734415e-06,0.0023059308998812,0.2100525691445673,0.00018686474474604082
2025-04-03 13:38:00+00:00,6.375934204669162e-06,0.0034851479121355,0.2326530202557267,0.00021551755145418167
2025-04-03 13:39:00+00:00,6.375934200603905e-06,0.0067062072511867,0.0987075378611944,0.002058952293221954
2025-04-03 13:40:00+00:00,6.375934196538652e-06,0.0021590003995118,0.2217901559159604,0.00015203783891680646
2025-04-03 13:41:00+00:00,6.375934192473398e-06,0.0018178376134086,0.2569287759885171,8.408003615976803e-05
2025-04-03 13:42:00+00:00,6.375934188408145e-06,0.0026887425089485,0.1516468088392785,0.000438202513300423
2025-04-03 13:43:00+00:00,6.375934184342896e-06,0.0023927444725065,0.1745525112189605,0.0002964943346897686
2025-04-03 13:44:00+00:00,6.375934180277641e-06,0.0027674915563601,0.1393399874641486,0.0005225784618395046
2025-04-03 13:45:00+00:00,6.375934176212384e-06,0.0030621109308262,0.1149350964531811,0.0007742490179713141
2025-04-03 13:46:00+00:00,6.375934172147138e-06,0.0017421644309278,0.2759967075479768,6.41446358599151e-05
2025-04-03 13:47:00+00:00,6.375934168081874e-06,0.0064764307062723,0.1092083133667529,0.0017536734101330459
2025-04-03 13:48:00+00:00,6.3759341640166205e-06,0.0032191027396037,0.1034017962259013,0.0009343623641601517
2025-04-03 13:49:00+00:00,6.375934159951371e-06,0.002759277156109,0.1408571432139206,0.0005116561643213484
2025-04-03 13:50:00+00:00,6.375934155886119e-06,0.0023675203996125,0.1925241282012865,0.00023661542817331947
2025-04-03 13:51:00+00:00,6.375934151820858e-06,0.0028307997761668,0.1360122039442045,0.0005562419098041378
2025-04-03 13:52:00+00:00,6.375934147755611e-06,0.0017666495495831,0.287200332201419,5.6887083262932796e-05
2025-04-03 13:53:00+00:00,6.375934143690352e-06,0.0024751995308858,0.1771133321247314,0.0002974580034174584
2025-04-03 13:54:00+00:00,6.375934139625095e-06,0.0032150322299751,0.1037241060108216,0.0009295896585183059
2025-04-03 13:55:00+00:00,6.375934135559851e-06,0.0020471571858764,0.2436582946108387,0.00011097756667666091
2025-04-03 13:56:00+00:00,6.375934131494589e-06,0.0023106065585621,0.2088336003499794,0.00018999412967173849
2025-04-03 13:57:00+00:00,6.3759341274293365e-06,0.0041394023816152,0.0431181666469905,0.0024712637566502473
2025-04-03 13:58:00+00:00,6.375934123364083e-06,0.001649037988785,0.3024355265050144,4.4252736903561117e-05
2025-04-03 13:59:00+00:00,6.375934119298828e-06,0.0020752484039932,0.2435055958253243,0.00011270610364350625
2025-04-03 14:00:00+00:00,6.375934115233577e-06,0.0017103821089076,0.3156665452677428,3.91797302727569e-05
2025-04-03 14:01:00+00:00,6.375934111168323e-06,0.0018036434950056,0.2774326187019503,6.52772254069404e-05
2025-04-03 14:02:00+00:00,6.375934107103069e-06,0.0016028792665516,0.3092443855424983,3.964926649317246e-05
2025-04-03 14:03:00+00:00,6.375934103037813e-06,0.0080492208258437,0.0499860437351686,0.004426429405803604
2025-04-03 14:04:00+00:00,6.375934098972562e-06,0.0023303395265212,0.2035258100029163,0.00020417838961711096
2025-04-03 14:05:00+00:00,0.0,0.005,0.0,0.0
2025-04-03 14:06:00+00:00,6.375934094907303e-06,0.0041653709145655,0.0416905538189927,0.0025296022253756814
2025-04-03 14:07:00+00:00,6.375934090842056e-06,0.0039097157915917,0.0561496738925453,0.0019972021189523354
2025-04-03 14:08:00+00:00,6.375934086776797e-06,0.0047446294518574,0.1751084879827604,0.0005840282086253374
2025-04-03 14:09:00+00:00,6.375934082711546e-06,0.0023846566577147,0.1836026820681821,0.0002651710869197303
2025-04-03 14:10:00+00:00,6.375934078646289e-06,0.0027129586611777,0.1488464785657586,0.0004572122091318223
2025-04-03 14:11:00+00:00,6.375934074581038e-06,0.0021995367933961,0.2436097409386474,0.0001193074316248083
2025-04-03 14:12:00+00:00,6.375934070515783e-06,0.0041197234952542,0.044205985663779,0.0024277155877342775
2025-04-03 14:13:00+00:00,6.375934066450532e-06,0.00400062919656,0.0509023120334922,0.0021760434774642334
2025-04-03 14:14:00+00:00,6.375934062385279e-06,0.0023516807542168,0.1867315792072017,0.0002518967865580789
2025-04-03 14:15:00+00:00,6.37593405832002e-06,0.0019976927511741,0.2432545792857305,0.0001088203668630022
2025-04-03 14:16:00+00:00,6.375934054254772e-06,0.0036218690800785,0.0736069257084979,0.0015014510931777216
2025-04-03 14:17:00+00:00,6.375934050189512e-06,0.0023506146913231,0.1977272238650657,0.00022074878313815076
2025-04-03 14:18:00+00:00,6.375934046124256e-06,0.0020981509669995,0.2178235960379913,0.00015493294797201037
2025-04-03 14:19:00+00:00,6.375934042059009e-06,0.0025037873683928,0.2325297047959379,0.00015505991846608125
2025-04-03 14:20:00+00:00,6.3759340379937525e-06,0.0092209313768691,0.0185152114642256,0.0073889005294894405
2025-04-03 14:21:00+00:00,6.375934033928498e-06,0.0019836649280792,0.2365664883436307,0.00011705702704173827
2025-04-03 14:22:00+00:00,6.3759340298632484e-06,0.0029253831759697,0.1276995642641749,0.0006349291531467234
2025-04-03 14:23:00+00:00,6.375934025797994e-06,0.0037003923115311,0.0687107276572595,0.001626537928762635
2025-04-03 14:24:00+00:00,6.375934021732737e-06,0.0029056940461293,0.1294089904967098,0.0006178899669199646
2025-04-03 14:25:00+00:00,6.375934017667487e-06,0.0030625650033571,0.1160801012312757,0.0007638291624777578
2025-04-03 14:26:00+00:00,6.375934013602234e-06,0.0023421158078608,0.192713685717541,0.0002335462265408283
2025-04-03 14:27:00+00:00,6.375934009536977e-06,0.0036752990748432,0.0702639907183575,0.0015857663577485872
2025-04-03 14:28:00+00:00,6.375934005471727e-06,0.0020128385306534,0.2225202248097272,0.00014051246693727013
2025-04-03 14:29:00+00:00,6.375934001406472e-06,0.0024567686318418,0.1767521403150091,0.0002965215471091478
2025-04-03 14:30:00+00:00,6.375933997341217e-06,0.0020820662386663,0.206502045558402,0.00017604439880631548
2025-04-03 14:31:00+00:00,6.375933993275962e-06,0.0036734853045584,0.0703766731417811,0.0015828486308138298
2025-04-03 14:32:00+00:00,6.375933989210707e-06,0.0025476044956885,0.168314111689411,0.00034014446908667154
2025-04-03 14:33:00+00:00,6.375933985145455e-06,0.0024482422093295,0.180436187656904,0.00028275225257260855
2025-04-03 14:34:00+00:00,6.375933981080204e-06,0.003143739727546,0.1094318856159304,0.0008489810880222227
2025-04-03 14:35:00+00:00,6.375933977014951e-06,0.0029535268177517,0.1252747427398009,0.0006599050944358033
2025-04-03 14:36:00+00:00,6.375933972949692e-06,0.0025792938754738,0.1541178677775584,0.00040812029972637576
2025-04-03 14:37:00+00:00,6.375933968884444e-06,0.0027316745336644,0.1466934028268353,0.00047237815576524507
2025-04-03 14:38:00+00:00,6.375933964819185e-06,0.0029211724497574,0.1280642342556249,0.0006312553582423908
2025-04-03 14:39:00+00:00,6.375933960753929e-06,0.002550273989482,0.1598909120239948,0.0003766002577620848
2025-04-03 14:40:00+00:00,6.375933956688678e-06,0.0025362430586277,0.1696830947518999,0.0003331269637109746
2025-04-03 14:41:00+00:00,6.375933952623423e-06,0.0025085960800874,0.1616742795617634,0.0003626261363391445
2025-04-03 14:42:00+00:00,6.3759339485581694e-06,0.0030731654610755,0.1151090329410241,0.0007754289406575498
2025-04-03 14:43:00+00:00,6.375933944492915e-06,0.0028612852814257,0.1333048283058626,0.0005807400335518634
2025-04-03 14:44:00+00:00,6.375933940427658e-06,0.0028835162938466,0.131342593113412,0.0005991529766213563
2025-04-03 14:45:00+00:00,6.3759339363624036e-06,0.0023792432694536,0.1890639358311709,0.00024783660623860487
2025-04-03 14:46:00+00:00,6.375933932297153e-06,0.0036084153138426,0.0744564550645756,0.0014807483820652833
2025-04-03 14:47:00+00:00,6.3759339282318995e-06,0.002308769203067,0.1939130166603158,0.00022694150861996825
2025-04-03 14:48:00+00:00,6.37593392416665e-06,0.0027781726022381,0.1395166546571848,0.0005234877902400995
2025-04-03 14:49:00+00:00,6.375933920101394e-06,0.0048068221189512,0.0089944512852275,0.004316460522711302
2025-04-03 14:50:00+00:00,6.37593391603614e-06,0.0024829583868365,0.1724295436999434,0.0003155871420077292
2025-04-03 14:51:00+00:00,6.3759339119708794e-06,0.003322157971243,0.0953660285486355,0.0010615739578072232
2025-04-03 14:52:00+00:00,6.37593390790563e-06,0.0028002437401221,0.1383618701741657,0.0005349864712602818
2025-04-03 14:53:00+00:00,6.375933903840378e-06,0.002110927583909,0.2331682153200113,0.00012973527791087939
2025-04-03 14:54:00+00:00,6.37593389977512e-06,0.0030816539689022,0.1137374539588814,0.0007904345437624545
2025-04-03 14:55:00+00:00,6.375933895709872e-06,0.0029187746700362,0.1282721142627014,0.0006291705962846678
2025-04-03 14:56:00+00:00,6.375933891644616e-06,0.0030467014806653,0.1173985550574919,0.0007479814948977091
2025-04-03 14:57:00+00:00,6.37593388757936e-06,0.0035281970559741,0.0799750721353439,0.0013553324898042533
2025-04-03 14:58:00+00:00,6.3759338835141105e-06,0.0029193735478939,0.1282201784284323,0.0006296908001519629
2025-04-03 14:59:00+00:00,6.375933879448859e-06,0.0034411015755743,0.0863758427575674,0.0012244345766194943
2025-04-03 15:00:00+00:00,6.375933875383599e-06,0.0027027690138789,0.1500227861524624,0.0004491300541810864
2025-04-03 15:01:00+00:00,6.375933871318349e-06,0.004165831395251,0.0416653194104069,0.002530645701353092
2025-04-03 15:02:00+00:00,6.375933867253093e-06,0.0038400069904823,0.0602564644202839,0.001867549808688628
2025-04-03 15:03:00+00:00,6.3759338631878405e-06,0.0037585342036611,0.0651518666970613,0.001723950680752244
2025-04-03 15:04:00+00:00,6.375933859122583e-06,0.0029461045244136,0.1259121290045151,0.0006532466634254502
2025-04-03 15:05:00+00:00,6.375933855057332e-06,0.0024993405920231,0.2280108932802887,0.00016338223554608595
2025-04-03 15:06:00+00:00,6.375933850992079e-06,0.0031369617109049,0.1099808256343662,0.0008416056757783261
2025-04-03 15:07:00+00:00,6.375933846926825e-06,0.0037569046541935,0.0652508592676235,0.0017211637557680943
2025-04-03 15:08:00+00:00,6.375933842861566e-06,0.0033060043911285,0.0966100858708499,0.0010408064062122275
2025-04-03 15:09:00+00:00,6.375933838796319e-06,0.0027487345757932,0.1447391633494509,0.00048657167329788765
2025-04-03 15:10:00+00:00,6.375933834731063e-06,0.0027974691973573,0.1389295915450053,0.000530838857413924
2025-04-03 15:11:00+00:00,6.375933830665803e-06,0.0038065076169195,0.0622566271662116,0.0018074867554702093
2025-04-03 15:12:00+00:00,6.375933826600556e-06,0.0029908816996468,0.1220895158540583,0.0006942062246041718
2025-04-03 15:13:00+00:00,6.375933822535301e-06,0.0024361748671176,0.1819322030276506,0.00027636794319078575
2025-04-03 15:14:00+00:00,6.3759338184700515e-06,0.0027551870972878,0.142406182088157,0.0005015174104301723
2025-04-03 15:15:00+00:00,6.375933814404794e-06,0.0034189502144604,0.0880279028227523,0.001192745161096343
2025-04-03 15:16:00+00:00,6.37593381033954e-06,0.0030632606438229,0.1160224313313806,0.0007645299283510737
2025-04-03 15:17:00+00:00,6.375933806274286e-06,0.0030337900482234,0.1184764050312759,0.0007352694967105304
2025-04-03 15:18:00+00:00,6.37593380220903e-06,0.0033703404922315,0.0916885588579212,0.0011254077110100195
2025-04-03 15:19:00+00:00,6.375933798143774e-06,0.0026045389287936,0.1615168498560879,0.00037720473337902045
2025-04-03 15:20:00+00:00,6.3759337940785214e-06,0.003058935194911,0.1161328095272066,0.0007624429462829383
2025-04-03 15:21:00+00:00,6.375933790013272e-06,0.0029806068002896,0.1229619179395697,0.0006846386753541727
2025-04-03 15:22:00+00:00,6.375933785948016e-06,0.0028590344828771,0.1335037907134356,0.0005789036609250165
2025-04-03 15:23:00+00:00,6.375933781882762e-06,0.0075763302724532,0.0653308256240653,0.0034676515879780074
2025-04-03 15:24:00+00:00,6.375933777817509e-06,0.0038730724915672,0.058299245729287,0.0019282549186934578
2025-04-03 15:25:00+00:00,6.375933773752254e-06,0.0026977280283895,0.1506058026757325,0.0004451765838051233
2025-04-03 15:26:00+00:00,6.375933769686998e-06,0.0036626653660432,0.0710500315037242,0.0015655246670219962
2025-04-03 15:27:00+00:00,6.375933765621748e-06,0.0027931097700812,0.1392810091215708,0.0005277881329810195
2025-04-03 15:28:00+00:00,6.375933761556492e-06,0.0025218868853747,0.1714190778185357,0.0003244332013325083
2025-04-03 15:29:00+00:00,6.375933757491238e-06,0.0029799682578736,0.1230162270360303,0.0006840474340821017
2025-04-03 15:30:00+00:00,6.375933753425987e-06,0.0024511100881866,0.1800814347148841,0.00028428739909220366
2025-04-03 15:31:00+00:00,6.3759337493607324e-06,0.0023188292794526,0.1933511991383683,0.00022946744939010184
2025-04-03 15:32:00+00:00,6.375933745295476e-06,0.0019793551693939,0.2411367112133032,0.00011058812818555372
2025-04-03 15:33:00+00:00,6.375933741230222e-06,0.0029187746700362,0.1282721142627014,0.0006291705943293015
2025-04-03 15:34:00+00:00,6.375933737164968e-06,0.0022295358318337,0.213620282595099,0.00017312493914138437
2025-04-03 15:35:00+00:00,6.375933733099712e-06,0.0094035037653089,0.0140395699737618,0.007949644938735474
2025-04-03 15:36:00+00:00,6.3759337290344625e-06,0.0031551415325088,0.1085109642601266,0.0008614992086291939
2025-04-03 15:37:00+00:00,6.37593372496921e-06,0.002566657247088,0.1660278814145106,0.00035219021831316605
2025-04-03 15:38:00+00:00,6.375933720903955e-06,0.0025330286914925,0.1700711839270225,0.00033116369605593277
2025-04-03 15:39:00+00:00,6.3759337168387e-06,0.0022574882063325,0.1990404936400768,0.00020869849735124352
2025-04-03 15:40:00+00:00,6.3759337127734424e-06,0.0027945117320831,0.138900822191651,0.0005304601923861714
2025-04-03 15:41:00+00:00,6.375933708708191e-06,0.0030886413224082,0.1139266603773406,0.00079043561952438
2025-04-03 15:42:00+00:00,6.375933704642939e-06,0.0029825249823019,0.1227988388784712,0.0006864171099635232
2025-04-03 15:43:00+00:00,6.375933700577685e-06,0.0036007619309677,0.0749411375122565,0.0014690649944356518
2025-04-03 15:44:00+00:00,6.3759336965124326e-06,0.0045841847492239,0.0198201685615809,0.0036164902135741557
2025-04-03 15:45:00+00:00,6.3759336924471775e-06,0.002819955465419,0.1369818762673429,0.0005477203919414058
2025-04-03 15:46:00+00:00,6.3759336883819225e-06,0.002722255196267,0.1477757961177145,0.0004646930295687226
2025-04-03 15:47:00+00:00,6.3759336843166675e-06,0.0029748751716024,0.1234497931375066,0.0006793455780252018
2025-04-03 15:48:00+00:00,6.375933680251413e-06,0.0028060434583761,0.1382309955777729,0.0005369344984420037
2025-04-03 15:49:00+00:00,6.375933676186159e-06,0.0032989078968514,0.0971584135993997,0.0010317819054730833
2025-04-03 15:50:00+00:00,6.375933672120908e-06,0.0024139741457331,0.1846985922539095,0.00026493489663907157
2025-04-03 15:51:00+00:00,6.3759336680556526e-06,0.0029405754525504,0.1263879144637914,0.0006483200494221239
2025-04-03 15:52:00+00:00,6.3759336639903976e-06,0.003483719201146,0.0832251422100043,0.0012872134241432207
2025-04-03 15:53:00+00:00,6.375933659925143e-06,0.0032330689504056,0.1022988156594519,0.0009508805182498701
2025-04-03 15:54:00+00:00,0.0,0.005,0.0,0.0
2025-04-03 15:55:00+00:00,6.375933655859896e-06,0.0042330068641546,0.0380136610279332,0.0026862761822298246
2025-04-03 15:56:00+00:00,6.375933651794638e-06,0.0045184987866497,0.023114748540136,0.003426908479513649
2025-04-03 15:57:00+00:00,6.375933647729386e-06,0.0029591316407414,0.1247944248194629,0.0006649673412547292
2025-04-03 15:58:00+00:00,6.37593364366413e-06,0.0039231951411306,0.0553640122184877,0.0020230127013103434
2025-04-03 15:59:00+00:00,6.375933639598874e-06,0.0023728299014803,0.1897395790354568,0.0002451788095494375
2025-04-03 16:00:00+00:00,6.37593363553362e-06,0.0039712389624945,0.0525855065092589,0.002116997398455686
2025-04-03 16:01:00+00:00,6.3759336314683744e-06,0.0026045389287936,0.1615168498560879,0.0003772047317863619
2025-04-03 16:02:00+00:00,6.375933627403116e-06,0.0092784799596687,0.017094952571658,0.007562419357033228
2025-04-03 16:03:00+00:00,0.0,0.005,0.0,0.0
2025-04-03 16:04:00+00:00,6.375933623337859e-06,0.0025902373998814,0.1628009976711105,0.00036941465047698964
2025-04-03 16:05:00+00:00,6.3759336192726086e-06,0.0028135087617975,0.1375599860388029,0.0005427019572097918
2025-04-03 16:06:00+00:00,6.3759336152073535e-06,0.0037504100717996,0.0656458219906833,0.0017100891934635123
2025-04-03 16:07:00+00:00,6.375933611142103e-06,0.0041876685293961,0.0404718328016939,0.0025804928675687276
2025-04-03 16:08:00+00:00,6.375933607076847e-06,0.0023745074659742,0.190243999678842,0.00024387605948940385
2025-04-03 16:09:00+00:00,6.37593360301159e-06,0.0024242989018661,0.1834097498266247,0.00027020217482376943
2025-04-03 16:10:00+00:00,6.375933598946339e-06,0.0024489581490121,0.1803475987471133,0.0002831348385247972
2025-04-03 16:11:00+00:00,6.375933594881084e-06,0.0026491686776312,0.1562592658686081,0.00040857466902393384
2025-04-03 16:12:00+00:00,6.375933590815833e-06,0.0024624966819099,0.1731995379840424,0.000310116617163741
2025-04-03 16:13:00+00:00,6.375933586750579e-06,0.0026994263117594,0.1492060193822902,0.0004529790701546758
2025-04-03 16:14:00+00:00,6.375933582685323e-06,0.0038875911759875,0.0574451268883704,0.0019553609878033332
2025-04-03 16:15:00+00:00,6.375933578620069e-06,0.0097909300070876,0.0048231531232688,0.009241989378036636
2025-04-03 16:16:00+00:00,6.375933574554816e-06,0.0030351410575103,0.1183634214856705,0.0007365918438831404
2025-04-03 16:17:00+00:00,6.375933570489561e-06,0.0023764378909097,0.1865213815408325,0.0002551894977252681
2025-04-03 16:18:00+00:00,6.3759335664243095e-06,0.0076974830930717,0.0613158190478199,0.003696452164753854
2025-04-03 16:19:00+00:00,0.0,0.005,0.0,0.0
2025-04-03 16:20:00+00:00,6.375933562359055e-06,0.0029092436420337,0.1291000108136751,0.0006209357146421014
2025-04-03 16:21:00+00:00,6.3759335582937995e-06,0.0038239978978942,0.0612101406700932,0.0018386668198391758
2025-04-03 16:22:00+00:00,6.37593355422855e-06,0.0027706548323681,0.1422396577414881,0.0005053386439830815
2025-04-03 16:23:00+00:00,6.375933550163295e-06,0.0027017579778422,0.1501396603844704,0.000448334758812353
2025-04-03 16:24:00+00:00,6.375933546098044e-06,0.00308365403605,0.1143372028503088,0.0007852929812736061
2025-04-03 16:25:00+00:00,6.375933542032788e-06,0.0038068479893741,0.0622362160063754,0.0018080898156461738
2025-04-03 16:26:00+00:00,6.375933537967537e-06,0.003538224984617,0.0792476033133612,0.0013710648325018914
2025-04-03 16:27:00+00:00,6.375933533902276e-06,0.0029742404346299,0.1235038759766204,0.0006787613316587411
2025-04-03 16:28:00+00:00,6.3759335298370255e-06,0.0025203087682217,0.1716103305820981,0.0003234892038357242
2025-04-03 16:29:00+00:00,6.375933525771772e-06,0.0025155731839526,0.2276015175245962,0.00016525067294111896
2025-04-03 16:30:00+00:00,6.375933521706518e-06,0.0029750911395886,0.1225483648320266,0.0006867609777314982
2025-04-03 16:31:00+00:00,6.37593351764126e-06,0.0026969026738691,0.1467821416515944,0.0004658703629629516
2025-04-03 16:32:00+00:00,6.375933513576008e-06,0.0026398358791788,0.1573537356937609,0.0004018393682330217
2025-04-03 16:33:00+00:00,6.375933509510754e-06,0.0023772877532449,0.1893111185495727,0.00024690172522904484
2025-04-03 16:34:00+00:00,6.3759335054455e-06,0.003001267705473,0.1212105280569074,0.0007039806841153963
2025-04-03 16:35:00+00:00,6.375933501380248e-06,0.0037706670226848,0.0644161636014205,0.0017448047095560448
2025-04-03 16:36:00+00:00,6.375933497314994e-06,0.0029780551780299,0.123179002939534,0.0006822784010894072
2025-04-03 16:37:00+00:00,6.375933493249734e-06,0.003363718286437,0.0921910688589836,0.0011164645911846112
2025-04-03 16:38:00+00:00,6.375933489184486e-06,0.0023539115511311,0.196742710036475,0.0002236773470499632
2025-04-03 16:39:00+00:00,6.375933485119232e-06,0.004367680322018,0.030864192654694,0.0030192375374539916
2025-04-03 16:40:00+00:00,6.375933481053979e-06,0.0095656656994113,0.0101365518209071,0.008473272779762293
2025-04-03 16:41:00+00:00,6.375933476988725e-06,0.0023120112573142,0.2084647346953822,0.0001909503862780727
2025-04-03 16:42:00+00:00,6.375933472923469e-06,0.0024453852814862,0.1807898845237377,0.00028122981637470403
2025-04-03 16:43:00+00:00,6.375933468858221e-06,0.0020732422242289,0.2476622381699306,0.00010713508749703102
2025-04-03 16:44:00+00:00,6.375933464792965e-06,0.0025293534354963,0.1705007843717549,0.0003289880762524074
2025-04-03 16:45:00+00:00,6.375933460727711e-06,0.0040123477526993,0.050234629656723,0.0021999192869897764
2025-04-03 16:46:00+00:00,6.375933456662455e-06,0.0033431849726621,0.09375508421496,0.0010890804702254036
2025-04-03 16:47:00+00:00,6.375933452597209e-06,0.0030467014806653,0.1173985550574919,0.0007479814888509699
2025-04-03 16:48:00+00:00,6.375933448531955e-06,0.0025004236718515,0.1734185548150489,0.00031406901442931575
2025-04-03 16:49:00+00:00,6.375933444466703e-06,0.0024389967909685,0.181581882989609,0.00027785006619031723
2025-04-03 16:50:00+00:00,6.375933440401451e-06,0.0038952869639491,0.0569936844359775,0.0019698414186451736
2025-04-03 16:51:00+00:00,6.375933436336196e-06,0.003198116690048,0.1050676048437439,0.0009099555206134863
2025-04-03 16:52:00+00:00,6.375933432270946e-06,0.0021469201778929,0.227250201352042,0.00014162744626761218
2025-04-03 16:53:00+00:00,6.375933428205692e-06,0.0022322937624012,0.2036369946387564,0.00019532788792077133
2025-04-03 16:54:00+00:00,6.37593342414044e-06,0.0024627976378715,0.1768555547897654,0.00029688170470036943
2025-04-03 16:55:00+00:00,6.375933420075184e-06,0.0025583129811161,0.167027694478051,0.0003468714846763171
2025-04-03 16:56:00+00:00,6.375933416009936e-06,0.0029730251196234,0.1233136056428238,0.0006800301033690742
2025-04-03 16:57:00+00:00,6.3759334119446835e-06,0.0029012698038908,0.1296350723541833,0.0006152827990026627
2025-04-03 16:58:00+00:00,6.3759334078794285e-06,0.0029362971258952,0.1267566470362623,0.0006445274060727315
2025-04-03 16:59:00+00:00,6.37593340381417e-06,0.002737444826099,0.1438809362115909,0.0004895739132235255
2025-04-03 17:00:00+00:00,6.3759333997489244e-06,0.0028846713927167,0.1312462264466251,0.0006000843809578802
2025-04-03 17:01:00+00:00,6.375933395683671e-06,0.0089076965263345,0.0264044985021921,0.006495042490459336
2025-04-03 17:02:00+00:00,0.0,0.005,0.0,0.0
2025-04-03 17:03:00+00:00,6.375933391618419e-06,0.0030907865756361,0.1137502585464333,0.0007926555923625286
2025-04-03 17:04:00+00:00,6.375933387553164e-06,0.0030331152511081,0.1185328552712934,0.0007346096880418203
2025-04-03 17:05:00+00:00,6.375933383487913e-06,0.0034616676246346,0.0848508825542261,0.0012544296773565056
2025-04-03 17:06:00+00:00,6.375933379422657e-06,0.0028951468421726,0.1302943723559682,0.0006091607147416668
2025-04-03 17:07:00+00:00,6.375933375357407e-06,0.0024612351675567,0.1788313634308622,0.00028976277404444073
2025-04-03 17:08:00+00:00,6.375933371292157e-06,0.0022933649591105,0.2040996442985136,0.00019956409364974196
2025-04-03 17:09:00+00:00,6.375933367226905e-06,0.0029941152866031,0.1218155450885045,0.0006972382206565186
2025-04-03 17:10:00+00:00,6.375933363161648e-06,0.0047839312233003,0.0100841345490061,0.004240267426465502
2025-04-03 17:11:00+00:00,6.375933359096402e-06,0.0041439190151863,0.0428692237260539,0.002481338898984631
2025-04-03 17:12:00+00:00,6.375933355031148e-06,0.0096285701064385,0.0086403120513745,0.008683032644758053
2025-04-03 17:13:00+00:00,6.37593335096589e-06,0.0035226681384881,0.0803769897606739,0.001346717795852816
2025-04-03 17:14:00+00:00,6.375933346900638e-06,0.0032909841182634,0.0977719668527715,0.0010217762693123928
2025-04-03 17:15:00+00:00,6.375933342835387e-06,0.0040693089295597,0.0470167104178112,0.0023187151535270186
2025-04-03 17:16:00+00:00,6.375933338770134e-06,0.0025315846240226,0.1674501029508101,0.0003415173471622809
2025-04-03 17:17:00+00:00,6.375933334704881e-06,0.0025210974074911,0.1715147444870263,0.0003239606618862243
2025-04-03 17:18:00+00:00,6.375933330639631e-06,0.0031444957405511,0.109370726022421,0.0008498067778394901
2025-04-03 17:19:00+00:00,0.0,0.005,0.0,0.0
2025-04-03 17:20:00+00:00,6.375933326574377e-06,0.0040156007778737,0.0500496294299494,0.002206580980622458
2025-04-03 17:21:00+00:00,6.3759333225091225e-06,0.0036050070796692,0.0746721686450761,0.0014755371145889638
2025-04-03 17:22:00+00:00,6.375933318443874e-06,0.0049572935156713,0.001958143733151,0.004842517330775977
2025-04-03 17:23:00+00:00,6.3759333143786125e-06,0.0032761864565839,0.0989214818005638,0.001003289763927787
2025-04-03 17:24:00+00:00,6.375933310313361e-06,0.0040886197702286,0.0459359946730264,0.002360034079887384
2025-04-03 17:25:00+00:00,6.375933306248111e-06,0.0044038010164476,0.0289841184337769,0.0031134505227899275
2025-04-03 17:26:00+00:00,6.375933302182862e-06,0.0040804288739839,0.046393766941955,0.002342442970884138
2025-04-03 17:27:00+00:00,6.375933298117609e-06,0.0025234683644832,0.1712275020524583,0.000325381510875755
2025-04-03 17:28:00+00:00,6.3759332940523535e-06,0.0029630899971863,0.1237507517972271,0.0006742224778824491
2025-04-03 17:29:00+00:00,6.3759332899871036e-06,0.0025484227404933,0.1682156828017261,0.00034065459678096923
2025-04-03 17:30:00+00:00,6.375933285921848e-06,0.0042825587873729,0.035356968418197,0.002805483709607656
2025-04-03 17:31:00+00:00,6.375933281856598e-06,0.0029326452204069,0.1270717893481809,0.0006413034947153311
2025-04-03 17:32:00+00:00,6.3759332777913445e-06,0.0029098365351714,0.1290484360337511,0.0006214455617096622
2025-04-03 17:33:00+00:00,6.375933273726088e-06,0.0028974897719283,0.1300896525812907,0.0006111485909021085
2025-04-03 17:34:00+00:00,6.375933269660838e-06,0.0028286208341863,0.1362067593804129,0.0005545216135894823
2025-04-03 17:35:00+00:00,6.375933265595591e-06,0.0023400259703603,0.1901585745812103,0.00024058033484818225
2025-04-03 17:36:00+00:00,6.375933261530332e-06,0.0039213136817774,0.0554735133192766,0.0020193954522474728
2025-04-03 17:37:00+00:00,6.375933257465079e-06,0.0044541364641278,0.0263897276567918,0.0032483053206129034
2025-04-03 17:38:00+00:00,0.0,0.005,0.0,0.0
2025-04-03 17:39:00+00:00,6.375933253399829e-06,0.0045112596814693,0.0234807629959225,0.003406469858446763
2025-04-03 17:40:00+00:00,0.0,0.005,0.0,0.0
2025-04-03 17:41:00+00:00,6.375933249334579e-06,0.003610408449048,0.0743304001668695,0.001483802148547319
2025-04-03 17:42:00+00:00,6.375933245269322e-06,0.0041029781388435,0.0451357435190363,0.002391103762049043
2025-04-03 17:43:00+00:00,6.375933241204071e-06,0.0038971268396688,0.056885887632831,0.0019733149274550354
2025-04-03 17:44:00+00:00,6.375933237138817e-06,0.0028703426767477,0.1325056692916748,0.0005881747031521901
2025-04-03 17:45:00+00:00,6.375933233073563e-06,0.0028500847780281,0.1342963691392362,0.0005716456060793067
2025-04-03 17:46:00+00:00,6.375933229008312e-06,0.0028957084657967,0.1302801019511086,0.0006093829055915483
2025-04-03 17:47:00+00:00,6.375933224943057e-06,0.0026045389287936,0.1615168498560879,0.00037720472790182916
2025-04-03 17:48:00+00:00,6.375933220877802e-06,0.0033943528903067,0.0898741370296172,0.0011582967698615658
2025-04-03 17:49:00+00:00,6.3759332168125515e-06,0.0034229418841853,0.0877294651159385,0.0011984086321538163
2025-04-03 17:50:00+00:00,6.375933212747302e-06,0.0028506416446256,0.1342469853934041,0.0005720951780940447
2025-04-03 17:51:00+00:00,6.375933208682048e-06,0.0036109785948865,0.0742943543618284,0.0014846765429738934
2025-04-03 17:52:00+00:00,6.375933204616796e-06,0.0035926019593287,0.0754590378537008,0.0014566827361803183
2025-04-03 17:53:00+00:00,6.375933200551545e-06,0.0036746941510147,0.0703015660780385,0.0015847927940431837
2025-04-03 17:54:00+00:00,6.375933196486288e-06,0.0029338609667949,0.1269668353144366,0.0006423753866492407
2025-04-03 17:55:00+00:00,6.375933192421038e-06,0.0048407148028247,0.0073905387173426,0.004431107393575769
2025-04-03 17:56:00+00:00,6.375933188355784e-06,0.0035712209966056,0.0768674504412039,0.0014238205311917225
2025-04-03 17:57:00+00:00,6.375933184290532e-06,0.0044879984316765,0.0246608572511624,0.003341398641687745
2025-04-03 17:58:00+00:00,6.3759331802252785e-06,0.0048591220839404,0.0065241453332926,0.004494298348132255
2025-04-03 17:59:00+00:00,6.3759331761600285e-06,0.0036945268709895,0.0690728511394676,0.0016169398106201556
2025-04-03 18:00:00+00:00,6.375933172094776e-06,0.0037792718362977,0.0638958231214208,0.0017597062555188652
2025-04-03 18:01:00+00:00,6.375933168029521e-06,0.004387806788755,0.0298147048797795,0.0030714715794624074
2025-04-03 18:02:00+00:00,6.3759331639642694e-06,0.0048583504197721,0.0065604000409288,0.004491636111034038
2025-04-03 18:03:00+00:00,6.375933159899015e-06,0.0045590227855033,0.021076593195754,0.0035429844401845974
2025-04-03 18:04:00+00:00,6.375933155833764e-06,0.0046917656060708,0.0145249309973627,0.003943416631853228
2025-04-03 18:05:00+00:00,6.3759331517685095e-06,0.0042525960322702,0.0369597026678949,0.0027329495303758116
2025-04-03 18:06:00+00:00,0.0,0.005,0.0,0.0
2025-04-03 18:07:00+00:00,6.375933147703254e-06,0.0046518529499184,0.0164751687711541,0.003819706197076543
2025-04-03 18:08:00+00:00,6.375933143638001e-06,0.0038167634212019,0.0616424155614651,0.0018257225029791478
2025-04-03 18:09:00+00:00,6.375933139572752e-06,0.0027695424813408,0.1423661889155476,0.0005043717175465105
2025-04-03 18:10:00+00:00,6.375933135507502e-06,0.0024955042331018,0.1746275700628091,0.0003089501506202185
2025-04-03 18:11:00+00:00,6.375933131442249e-06,0.0028302545649801,0.1360608720840115,0.000555811069361622
2025-04-03 18:12:00+00:00,6.375933127376994e-06,0.0038612304680163,0.0589982735687355,0.0019063506002096704
2025-04-03 18:13:00+00:00,6.375933123311738e-06,0.003587847263238,0.0757613534852185,0.001449503102859298
2025-04-03 18:14:00+00:00,6.37593311924649e-06,0.0046511862390506,0.0165078879259926,0.0038176641532673364
2025-04-03 18:15:00+00:00,0.0,0.005,0.0,0.0
2025-04-03 18:16:00+00:00,6.375933115181235e-06,0.003720697141062,0.0674615558984511,0.0016600866554155832
2025-04-03 18:17:00+00:00,6.375933111115982e-06,0.0038260733553294,0.0610862787655217,0.0018423926975936296
2025-04-03 18:18:00+00:00,6.375933107050731e-06,0.003999021834572,0.0509940463964779,0.002172783419020758
2025-04-03 18:19:00+00:00,6.375933102985472e-06,0.0041371502475768,0.043242398841363,0.0024662511573698516
2025-04-03 18:20:00+00:00,6.375933098920223e-06,0.0030801072713724,0.114629542851875,0.0007816513230570333
2025-04-03 18:21:00+00:00,6.375933094854971e-06,0.0034149742210863,0.0883254921193519,0.001187124312975425
2025-04-03 18:22:00+00:00,0.0,0.005,0.0,0.0
2025-04-03 18:23:00+00:00,0.0,0.005,0.0,0.0
2025-04-03 18:24:00+00:00,6.375933090789719e-06,0.0043325345745854,0.0327085053616783,0.002929587194273521
2025-04-03 18:25:00+00:00,6.375933086724463e-06,0.0032866090363442,0.0981113293053523,0.0010162836203214123
2025-04-03 18:26:00+00:00,0.0,0.005,0.0,0.0
2025-04-03 18:27:00+00:00,0.0,0.005,0.0,0.0
2025-04-03 18:28:00+00:00,0.0,0.005,0.0,0.0
2025-04-03 18:29:00+00:00,6.3759330826592125e-06,0.0032472346474812,0.1011846190008448,0.0009678619376447591
2025-04-03 18:30:00+00:00,6.375933078593966e-06,0.0033385762517831,0.0941073613797272,0.0010830053972050587
2025-04-03 18:31:00+00:00,6.37593307452871e-06,0.0042575410403809,0.036694413270004,0.0027448247699780027
2025-04-03 18:32:00+00:00,6.375933070463449e-06,0.0033104654090971,0.0962659570479838,0.001046510249255253
2025-04-03 18:33:00+00:00,6.375933066398203e-06,0.0030549457027966,0.1167125591740727,0.0007561857701741798
2025-04-03 18:34:00+00:00,6.37593306233295e-06,0.0033312460356114,0.0946685984322562,0.0010733964336975268
2025-04-03 18:35:00+00:00,6.375933058267698e-06,0.0043633692077041,0.0310896230717099,0.0030081340524208133
2025-04-03 18:36:00+00:00,6.375933054202446e-06,0.0028607220768287,0.133354599762972,0.000580280101738262
2025-04-03 18:37:00+00:00,6.375933050137196e-06,0.0026036559178341,0.1616214869709152,0.00037660512453716705
2025-04-03 18:38:00+00:00,6.3759330460719385e-06,0.0024530288296485,0.2268125471644343,0.00016267019457042996
2025-04-03 18:39:00+00:00,6.375933042006686e-06,0.004678787161018,0.0151572658535899,0.0039028726255857875
2025-04-03 18:40:00+00:00,6.375933037941437e-06,0.0038257271833505,0.0611069334070831,0.0018417708606200112
2025-04-03 18:41:00+00:00,6.3759330338761845e-06,0.0028242781128927,0.1365949364778926,0.0005511051171444564
2025-04-03 18:42:00+00:00,6.375933029810927e-06,0.0031559063811442,0.1084492990071024,0.0008623439540577064
2025-04-03 18:43:00+00:00,6.375933025745677e-06,0.0029056940461293,0.1294089904967098,0.0006178899544293013
2025-04-03 18:44:00+00:00,6.375933021680426e-06,0.0023779390264594,0.1892287790913914,0.0002472127528853335
2025-04-03 18:45:00+00:00,6.375933017615173e-06,0.0028760480784079,0.1320034797204617,0.0005928950677903541
2025-04-03 18:46:00+00:00,6.37593301354992e-06,0.0040348926603647,0.0489555664294694,0.0022463916800104953
2025-04-03 18:47:00+00:00,6.375933009484666e-06,0.004016415417473,0.0500033241690677,0.0022082515410809696
2025-04-03 18:48:00+00:00,6.375933005419411e-06,0.004185327155604,0.040599499988595,0.002575114149064232
2025-04-03 18:49:00+00:00,6.375933001354161e-06,0.0029635137828467,0.1244194806851825,0.0006689458783648582
2025-04-03 18:50:00+00:00,6.375932997288906e-06,0.0029666562218808,0.1241509274952965,0.0006718100710379511
2025-04-03 18:51:00+00:00,6.375932993223656e-06,0.0027807460179983,0.1410932590834352,0.0005141827094716614
2025-04-03 18:52:00+00:00,6.375932989158404e-06,0.0023703207975387,0.1916207079027237,0.0002394694525939984
2025-04-03 18:53:00+00:00,6.37593298509315e-06,0.0022383857641646,0.2265203441843808,0.0001489561352369375
2025-04-03 18:54:00+00:00,6.375932981027894e-06,0.0047014063404585,0.0140563470677466,0.00397373271998906
2025-04-03 18:55:00+00:00,6.375932976962647e-06,0.0040955603204755,0.045548818857596,0.002375015404285655
2025-04-03 18:56:00+00:00,6.375932972897395e-06,0.0031597395806963,0.1081404609542055,0.00086658717196919
2025-04-03 18:57:00+00:00,6.375932968832138e-06,0.0031973183653364,0.1051311749100413,0.000909036793431205
2025-04-03 18:58:00+00:00,6.375932964766887e-06,0.0029806068002896,0.1229619179395697,0.0006846386644580518
2025-04-03 18:59:00+00:00,6.3759329607016325e-06,0.0031721072178327,0.1071463920661325,0.0008803866835982644
2025-04-03 19:00:00+00:00,6.37593295663638e-06,0.0042921957196682,0.0348438628970892,0.0028291094643550286
2025-04-03 19:01:00+00:00,6.37593295257113e-06,0.0041144107379264,0.0445005576810515,0.0024160557083736088
2025-04-03 19:02:00+00:00,6.375932948505873e-06,0.0047300269575276,0.0126708933551744,0.004064737869940887
2025-04-03 19:03:00+00:00,6.375932944440621e-06,0.0031520880798846,0.1087572855513466,0.0008581330421942882
2025-04-03 19:04:00+00:00,0.0,0.005,0.0,0.0
2025-04-03 19:05:00+00:00,6.3759329403753735e-06,0.0040817185153059,0.04632163063526,0.002345206264723026
2025-04-03 19:06:00+00:00,6.375932936310115e-06,0.003104483948034,0.1126266313114407,0.0008069426719166192
2025-04-03 19:07:00+00:00,0.0,0.005,0.0,0.0
2025-04-03 19:08:00+00:00,6.3759329322448635e-06,0.00425853235874,0.0366412681799131,0.002747209916486771
2025-04-03 19:09:00+00:00,6.37593292817961e-06,0.003992214629957,0.0513829521073004,0.0021590167001549225
2025-04-03 19:10:00+00:00,6.375932924114361e-06,0.0046952011096684,0.0143578394267294,0.0039542003700263305
2025-04-03 19:11:00+00:00,6.375932920049107e-06,0.0048460594229417,0.007138639336069,0.004449387667945147
2025-04-03 19:12:00+00:00,6.375932915983854e-06,0.0047328506241273,0.0125346612085021,0.004073798215881559
2025-04-03 19:13:00+00:00,6.3759329119186046e-06,0.0045052567138966,0.0237847231647252,0.0033895890939929663
2025-04-03 19:14:00+00:00,6.375932907853348e-06,0.0031482845687022,0.1090644260779407,0.0008539540946955965
2025-04-03 19:15:00+00:00,0.0,0.005,0.0,0.0
2025-04-03 19:16:00+00:00,6.375932903788096e-06,0.0045022652589523,0.0239363466740319,0.0033811998141793365
2025-04-03 19:17:00+00:00,6.375932899722844e-06,0.0041398533021198,0.0430933010962853,0.0024722682466842465
2025-04-03 19:18:00+00:00,6.375932895657595e-06,0.0045810139996361,0.01997811486535,0.00360716656648702
2025-04-03 19:19:00+00:00,6.3759328915923405e-06,0.0026510497152728,0.1560389876946021,0.0004099436242426146
2025-04-03 19:20:00+00:00,6.375932887527087e-06,0.0028204947043901,0.1369335761443174,0.0005481417511075274
2025-04-03 19:21:00+00:00,6.375932883461834e-06,0.0048399528983808,0.0074264709817685,0.004428505924393603
2025-04-03 19:22:00+00:00,6.375932879396579e-06,0.0034731588567069,0.084002494958298,0.0012714326480414765
2025-04-03 19:23:00+00:00,6.375932875331329e-06,0.004642548059478,0.0169322352747983,0.0037912787827066655
2025-04-03 19:24:00+00:00,6.375932871266077e-06,0.0045633927096888,0.020857890831051,0.0035556711230420954
2025-04-03 19:25:00+00:00,6.375932867200823e-06,0.0035051738410414,0.081652608214553,0.0013197358281379498
2025-04-03 19:26:00+00:00,6.37593286313557e-06,0.0025210974074911,0.1715147444870263,0.0003239606577766625
2025-04-03 19:27:00+00:00,6.375932859070317e-06,0.0035770186807727,0.0764513601126154,0.0014332485476940152
2025-04-03 19:28:00+00:00,0.0,0.005,0.0,0.0
2025-04-03 19:29:00+00:00,6.37593285500507e-06,0.0035811705359957,0.0761865537183257,0.0014394649509475342
2025-04-03 19:30:00+00:00,0.0,0.005,0.0,0.0
2025-04-03 19:31:00+00:00,6.375932850939812e-06,0.0037650761930432,0.064754882664771,0.0017351723097321532
2025-04-03 19:32:00+00:00,0.0,0.005,0.0,0.0
2025-04-03 19:33:00+00:00,0.0,0.005,0.0,0.0
2025-04-03 19:34:00+00:00,6.37593284687456e-06,0.0032330689504056,0.1022988156594519,0.0009508805058456245
2025-04-03 19:35:00+00:00,6.375932842809304e-06,0.0048053341826453,0.0090651241851809,0.004311477652917885
2025-04-03 19:36:00+00:00,6.375932838744056e-06,0.0045349303274044,0.0222861292261562,0.003473633619220334
2025-04-03 19:37:00+00:00,6.375932834678803e-06,0.0046720045756263,0.0154884246947586,0.0038818059939902754
2025-04-03 19:38:00+00:00,6.375932830613548e-06,0.0030467014806653,0.1173985550574919,0.0007479814802847579
2025-04-03 19:39:00+00:00,6.375932826548294e-06,0.0048990306774679,0.0046569462584623,0.004633564345488304
2025-04-03 19:40:00+00:00,6.375932822483044e-06,0.0035643066710016,0.0773645061054054,0.0014126388805459048
2025-04-03 19:41:00+00:00,6.375932818417791e-06,0.0046740358877306,0.0153891957441472,0.003888106471969538
2025-04-03 19:42:00+00:00,6.375932814352538e-06,0.0038109404383586,0.0619909463618275,0.0018153522605863508
2025-04-03 19:43:00+00:00,6.375932810287281e-06,0.0030549457027966,0.1167125591740727,0.0007561857666290638
2025-04-03 19:44:00+00:00,6.3759328062220345e-06,0.0033024498474234,0.0968845986865635,0.0010362786135017803
2025-04-03 19:45:00+00:00,6.3759328021567794e-06,0.0037184924866462,0.0675968579240144,0.0016564197079687681
2025-04-03 19:46:00+00:00,0.0,0.005,0.0,0.0
2025-04-03 19:47:00+00:00,6.375932798091529e-06,0.0031949272565072,0.1053216661078765,0.0009062893237515679
2025-04-03 19:48:00+00:00,0.0,0.005,0.0,0.0
2025-04-03 19:49:00+00:00,0.0,0.01,0.0,0.0
2025-04-03 19:50:00+00:00,6.375932794026278e-06,0.002360521586451,0.177689021909071,0.0002817295706748417
2025-04-03 19:51:00+00:00,6.375932789961024e-06,0.0038095746493598,0.0620727718641042,0.0018129261623762345
2025-04-03 19:52:00+00:00,6.375932785895765e-06,0.0042729940496283,0.0358673729973344,0.002782178051227327
2025-04-03 19:53:00+00:00,6.375932781830514e-06,0.0035789542029606,0.0763278737862544,0.0014361440744385624
2025-04-03 19:54:00+00:00,6.375932777765266e-06,0.0035770186807727,0.0764513601126154,0.0014332485462967446
2025-04-03 19:55:00+00:00,6.375932773700014e-06,0.0035689110478774,0.0770334075033404,0.0014200774253506536
2025-04-03 19:56:00+00:00,6.375932769634756e-06,0.0024489581490121,0.1803475987471133,0.0002831348318831219
2025-04-03 19:57:00+00:00,0.0,0.005,0.0,0.0
2025-04-03 19:58:00+00:00,0.0,0.005,0.0,0.0
2025-04-03 19:59:00+00:00,0.0,0.005,0.0,0.0
